rank,stock_id,name,industry_category,entry_score,entry_signal,close,open,high,low,volume,volume_ratio,rsi14,adx14,atr14,macd,macd_hist,bb_pct_b,stoch_k,stoch_d,ema20,ema60,foreign_buy_streak,invest_trust_streak,dealer_buy_streak,foreign_net,invest_trust_net,dealer_net,f_score,condition_count,margin_change_5d,short_ratio,relative_strength_5d,return_5d,day_return,momentum_score,revenue_yoy,revenue_mom,entry_reason,skip_reason,limit_down_streak
1,2476,鉅祥,,1909.7460771145545,False,131.0,126.5,133.0,123.0,12057370,2.087523158966728,69.6159826028863,23.296057946013743,6.76257064396319,4.630480174806024,0.2956723527982845,1.279817240160327,90.47619047619048,81.0404505888376,117.7363726709292,106.45346870241455,0.0,1.0,3.0,-1396507.0,167000.0,314305.0,-1,17,,,0.055747875788737,0.1391304347826087,0.0522088353413654,45.4,,,"macd_golden_cross, above_ema60, ema60_gt_ema120, volume_break, rsi_strong, breakout_20d, market_above_ma60, liquidity_ok, hist_turn_positive, adx_trending, stronger_than_market, obv_uptrend, dealer_buy_3d, bb_squeeze_breakout, breakout_volume_confirm, mfi_strong, above_ichimoku_cloud",,
2,2312,金寶,,1738.1789354354212,False,40.0,40.0,40.0,38.25,210267926,3.205499273239588,79.75601550668961,35.3180544582683,1.911255121342918,2.364384634335547,0.9272608571331606,1.319355992342906,100.0,100.0,30.233154123928788,27.16812687458908,8.0,0.0,5.0,30455390.0,-2772000.0,674469.0,-1,15,,,0.3580588824475696,0.4414414414414414,0.098901098901099,77.2,,,"above_ema60, ema60_gt_ema120, volume_break, rsi_strong, breakout_20d, market_above_ma60, liquidity_ok, foreign_buy_3d, adx_trending, stronger_than_market, obv_uptrend, dealer_buy_3d, breakout_volume_confirm, mfi_strong, above_ichimoku_cloud",,
3,3321,同泰,,1735.6327542287677,False,18.2,16.55,18.2,16.25,1623857,3.723443906502602,66.10835070696682,22.78232269711598,0.7896032531753359,0.0431144526071634,0.1590017784604294,1.1988922854158244,100.0,74.31384873245345,16.202676795282244,16.464442712527163,3.0,0.0,0.0,345029.0,0.0,-23641.0,-1,15,,,0.106159924666259,0.1895424836601307,0.0996978851963745,69.9,,,"above_ema60, ema60_gt_ema120, volume_break, rsi_strong, breakout_20d, market_above_ma60, foreign_buy_3d, adx_trending, stronger_than_market, obv_uptrend, bb_squeeze_breakout, breakout_volume_confirm, cci_momentum, mfi_strong, above_ichimoku_cloud",,
4,3189,景碩,,1730.4432986485194,False,696.0,670.0,719.0,654.0,50429815,1.6728665707655814,77.49070338174106,31.380374220367763,44.01699393801334,52.05764956647977,14.661278240972765,1.2031858391361625,91.11969111969113,97.03989703989708,535.9996576368376,433.0538496117768,1.0,8.0,0.0,4397554.0,2307000.0,-124672.0,-1,15,,,0.2733425872049586,0.3567251461988303,0.0403587443946187,52.9,,,"above_ema60, ema60_gt_ema120, volume_break, rsi_strong, breakout_20d, market_above_ma60, liquidity_ok, adx_trending, stronger_than_market, obv_uptrend, invest_trust_buy_2d, bb_squeeze_breakout, breakout_volume_confirm, mfi_strong, above_ichimoku_cloud",,
5,2369,菱生,,1726.9013810402969,False,37.7,37.1,37.7,36.65,58300950,3.5004637333384654,70.18039553260388,17.954297851913292,1.999913880955377,0.7396860021338831,0.5850604957667902,1.285872210764378,100.0,93.6458641427586,31.47291397417548,30.048680830771875,5.0,0.0,4.0,9791750.0,0.0,413138.0,-1,15,,,0.239424458549988,0.3228070175438597,0.0991253644314871,78.0,,,"above_ema60, ema60_gt_ema120, volume_break, rsi_strong, breakout_20d, market_above_ma60, liquidity_ok, foreign_buy_3d, stronger_than_market, obv_uptrend, dealer_buy_3d, bb_squeeze_breakout, breakout_volume_confirm, mfi_strong, above_ichimoku_cloud",gap_chase_after_blowout,
6,2344,華邦電,,1716.530541576355,False,141.0,133.5,141.0,133.0,336105421,1.4543426212562078,68.83559914775121,25.3253712631802,9.32564360742355,8.325203027135387,1.576390891978778,0.9532893614843142,100.0,73.46938775510232,117.259710419587,106.40288616465932,3.0,2.0,4.0,46872727.0,4364455.0,2637093.0,-1,15,,,0.1166174410061282,0.1999999999999999,0.0972762645914397,44.0,,,"above_ema60, ema60_gt_ema120, rsi_strong, breakout_20d, market_above_ma60, liquidity_ok, foreign_buy_3d, adx_trending, stronger_than_market, obv_uptrend, invest_trust_buy_2d, dealer_buy_3d, cci_momentum, mfi_strong, above_ichimoku_cloud",gap_chase_after_blowout,
7,2421,建準,,1707.9730031294966,False,165.0,164.0,166.5,160.0,11117950,1.61061213611843,69.50102076244438,16.412034219423827,6.870988603789375,3.918474457092316,1.7702881754018307,1.1243860111449122,95.23809523809524,88.80130433610914,149.7554523697547,146.17912445446393,4.0,6.0,0.0,556363.0,879000.0,-16595.0,-1,15,,,0.0545484754888869,0.1379310344827586,0.0153846153846153,34.1,,,"above_ema60, ema60_gt_ema120, volume_break, rsi_strong, breakout_20d, market_above_ma60, liquidity_ok, foreign_buy_3d, stronger_than_market, obv_uptrend, invest_trust_buy_2d, bb_squeeze_breakout, breakout_volume_confirm, mfi_strong, above_ichimoku_cloud",,
8,2467,志聖,,1690.7559654968877,False,668.0,670.0,692.0,661.0,4304760,1.2896974839160813,64.95855703846175,30.22502433489205,44.40889376552987,32.951424727505696,1.654476249291676,1.0227177030679095,83.44827586206897,78.75948818043798,588.818306009277,496.31799776082016,2.0,0.0,3.0,27282.0,-28000.0,28995.0,-1,15,,,0.0763396632283506,0.1597222222222223,0.0075414781297133,34.7,,,"macd_golden_cross, above_ema60, ema60_gt_ema120, rsi_strong, breakout_20d, market_above_ma60, liquidity_ok, hist_turn_positive, adx_trending, stronger_than_market, obv_uptrend, dealer_buy_3d, bb_squeeze_breakout, mfi_strong, above_ichimoku_cloud",long_upper_shadow,
9,3026,禾伸堂,,1655.1799755650038,False,570.0,523.0,570.0,471.0,3383416,0.3814593610746013,88.16350901354262,53.53925429200128,34.6770139671986,76.04358417200928,20.88677642886735,1.0922133765437043,100.0,99.8397435897441,368.5950101244673,255.3427027420173,15.0,6.0,4.0,265017.0,600000.0,36299.0,-1,14,,,0.4782612766225667,0.5616438356164384,0.089866156787763,39.1,,,"above_ema60, ema60_gt_ema120, rsi_strong, breakout_20d, market_above_ma60, liquidity_ok, foreign_buy_3d, adx_trending, stronger_than_market, obv_uptrend, invest_trust_buy_2d, dealer_buy_3d, mfi_strong, above_ichimoku_cloud",,
10,4919,新唐,,1646.695116820655,False,211.0,226.0,230.0,206.0,57485904,1.938500880976373,69.68114202900412,29.981697243611357,15.416410722702247,18.65937421565934,3.233662908310386,1.0021552814360908,78.77094972067039,92.9236499068902,169.93169581871717,132.4296139375626,4.0,6.0,0.0,2341775.0,45000.0,-617139.0,-1,14,,,0.323284107672795,0.4066666666666667,-0.0365296803652968,59.7,,,"above_ema60, ema60_gt_ema120, volume_break, rsi_strong, market_above_ma60, liquidity_ok, foreign_buy_3d, adx_trending, stronger_than_market, obv_uptrend, invest_trust_buy_2d, bb_squeeze_breakout, mfi_strong, above_ichimoku_cloud","open_high_close_low, gap_chase_after_blowout",
11,2492,華新科,,1643.7799829306466,False,328.5,303.0,330.0,289.5,14055050,0.7081220371615581,88.26496545652964,45.7188366402366,17.705209814631825,42.66367734304086,14.524276939612392,1.024712494068154,98.80478087649402,99.60159362549771,221.47868184556003,171.14797979842407,10.0,6.0,6.0,2614415.0,379000.0,454448.0,-1,14,,,0.4097992591879464,0.4931818181818181,0.0217729393468117,38.1,,,"above_ema60, ema60_gt_ema120, rsi_strong, breakout_20d, market_above_ma60, liquidity_ok, foreign_buy_3d, adx_trending, stronger_than_market, obv_uptrend, invest_trust_buy_2d, dealer_buy_3d, mfi_strong, above_ichimoku_cloud",,
12,3025,星通,,1631.393545862876,False,78.8,85.0,85.0,74.2,7419415,6.313669001078812,77.93442185481098,21.894257050620336,3.654183227999366,2.67909816258873,1.8700926334572272,1.1769313827241343,77.03703703703702,92.3456790123455,65.39289243977714,62.94203064992704,4.0,0.0,0.0,149972.0,0.0,-11638.0,-1,14,,,0.2636259880146752,0.3470085470085469,0.0089628681177977,77.0,,,"above_ema60, ema60_gt_ema120, volume_break, rsi_strong, breakout_20d, market_above_ma60, liquidity_ok, foreign_buy_3d, adx_trending, stronger_than_market, obv_uptrend, breakout_volume_confirm, mfi_strong, above_ichimoku_cloud","open_high_close_low, gap_chase_after_blowout",
13,2484,希華,,1611.5398832128585,False,56.0,54.7,56.8,50.4,44955078,2.7800227386975296,73.68245556748433,33.12009534809918,3.5482370624705912,3.5764528831128715,1.341861994336945,1.168661337128954,96.0880195599022,98.69600651996734,43.77345491474381,37.3164951566437,3.0,0.0,0.0,96447.0,0.0,-76953.0,-1,14,,,0.3061956047778404,0.3895781637717121,0.033210332103321,75.1,,,"above_ema60, ema60_gt_ema120, volume_break, rsi_strong, breakout_20d, market_above_ma60, liquidity_ok, foreign_buy_3d, adx_trending, stronger_than_market, obv_uptrend, breakout_volume_confirm, mfi_strong, above_ichimoku_cloud",,
14,2493,揚博,,1605.5158895234122,False,163.5,155.5,163.5,153.0,13254705,3.502776577089564,71.01013346133443,19.49177889144743,8.73775917418427,5.902845627354679,2.0814076615125785,1.2812680213552752,100.0,85.12776342233701,136.09724284644784,125.93307768938628,4.0,0.0,0.0,1234404.0,0.0,-29876.0,-1,14,,,0.1599634486106911,0.2433460076045628,0.0973154362416106,78.0,,,"above_ema60, ema60_gt_ema120, volume_break, rsi_strong, breakout_20d, market_above_ma60, liquidity_ok, foreign_buy_3d, stronger_than_market, obv_uptrend, bb_squeeze_breakout, breakout_volume_confirm, mfi_strong, above_ichimoku_cloud",gap_chase_after_blowout,
15,2454,聯發科,,1604.7380598662148,False,4265.0,4375.0,4440.0,4180.0,19540872,1.5756453576350546,75.91130401467036,57.13761179305483,254.0481833446279,443.0480296523997,40.20520776803528,0.9652165315586664,86.94029850746269,93.58915300043007,3356.974431035162,2578.524188347716,1.0,0.0,5.0,1367297.0,-598432.0,207280.0,-1,14,,,0.2684399449680934,0.3518225039619651,0.0047114252061248,50.4,,,"above_ema60, ema60_gt_ema120, volume_break, rsi_strong, breakout_20d, market_above_ma60, liquidity_ok, adx_trending, stronger_than_market, obv_uptrend, dealer_buy_3d, breakout_volume_confirm, mfi_strong, above_ichimoku_cloud",open_high_close_low,
16,2302,麗正,,1597.4069910420988,False,33.95,30.95,33.95,30.75,18505491,2.943206348256876,85.93361107940922,35.78424134314888,1.779810478273682,2.954176494886457,0.9594416389701405,1.1163255981698514,100.0,94.73684210526336,24.81232731140126,21.308748047395238,1.0,0.0,4.0,676568.0,0.0,13612.0,-1,14,,,0.271906862163813,0.3552894211576847,0.098705501618123,76.7,,,"above_ema60, ema60_gt_ema120, volume_break, rsi_strong, breakout_20d, market_above_ma60, liquidity_ok, adx_trending, stronger_than_market, obv_uptrend, dealer_buy_3d, breakout_volume_confirm, mfi_strong, above_ichimoku_cloud",,
17,3588,通嘉,,1597.1269076053209,False,65.1,65.3,66.7,64.0,732396,1.0938868136108402,61.77716125675611,29.56007915238352,2.9517442995605103,1.705559963860409,0.0328795765038434,1.0216083473158697,82.97872340425525,87.3794933919847,61.36341752634373,57.25653431897729,5.0,0.0,0.0,2240.0,0.0,-1000.0,-1,14,,,0.0162796031682903,0.099662162162162,0.0046296296296295,18.6,,,"macd_golden_cross, above_ema60, ema60_gt_ema120, rsi_strong, breakout_20d, market_above_ma60, hist_turn_positive, foreign_buy_3d, adx_trending, stronger_than_market, obv_uptrend, bb_squeeze_breakout, mfi_strong, above_ichimoku_cloud",long_upper_shadow,
18,3149,正達,,1585.5310223827792,False,68.0,65.0,68.0,61.8,40572084,1.7489378000947886,75.27220619281505,38.73284145768883,3.762403776658384,4.515130698007852,1.2910692084996702,1.087712441872051,100.0,94.04761904761897,55.24902446580539,49.79901903219674,4.0,0.0,0.0,428826.0,0.0,-85988.0,-1,14,,,0.0930880292414224,0.1764705882352941,0.0461538461538462,44.7,,,"above_ema60, ema60_gt_ema120, volume_break, rsi_strong, breakout_20d, market_above_ma60, liquidity_ok, foreign_buy_3d, adx_trending, stronger_than_market, obv_uptrend, breakout_volume_confirm, mfi_strong, above_ichimoku_cloud",,
19,3312,弘憶股,,1582.2382881690096,False,52.8,51.1,53.9,50.3,8654781,2.234389317040785,73.87782186529294,46.67635950726056,2.435685854698146,2.5069009067112944,0.4883250702990285,1.0845531079414992,87.77777777777777,77.35042735042771,45.82328869055627,41.95324890277054,0.0,0.0,3.0,-921499.0,0.0,9031.0,-1,14,,,0.082180354913413,0.1655629139072847,0.0476190476190476,51.4,,,"above_ema60, ema60_gt_ema120, volume_break, rsi_strong, breakout_20d, market_above_ma60, liquidity_ok, adx_trending, stronger_than_market, obv_uptrend, dealer_buy_3d, breakout_volume_confirm, mfi_strong, above_ichimoku_cloud",,
20,2404,漢唐,,1582.1630951041468,False,1265.0,1285.0,1345.0,1250.0,8007559,1.6170508011622444,78.80130475749228,31.51530901132909,60.83993795483205,58.720571947233566,25.58589686739757,1.160772157248152,77.96143250688705,87.10071784902539,1063.7456675819865,999.5648247822804,7.0,0.0,0.0,2493890.0,-555248.0,-86959.0,-1,14,,,0.1447727808119534,0.2281553398058251,0.0160642570281124,48.8,,,"above_ema60, ema60_gt_ema120, volume_break, rsi_strong, breakout_20d, market_above_ma60, liquidity_ok, foreign_buy_3d, adx_trending, stronger_than_market, obv_uptrend, breakout_volume_confirm, mfi_strong, above_ichimoku_cloud","long_upper_shadow, open_high_close_low",
21,3708,上緯投控,,1578.753690313603,False,131.5,125.5,135.5,124.0,4629976,3.568576035592838,63.75066039074794,17.55337200424819,5.882965409799953,1.5219725811111005,1.2414108573355471,1.1217300453943275,83.33333333333333,76.90058479532188,121.60310351463598,119.8802352399552,1.0,0.0,5.0,885687.0,-1000.0,322369.0,-1,14,,,0.0551455795342668,0.1385281385281385,0.052,62.5,,,"above_ema60, ema60_gt_ema120, volume_break, rsi_strong, breakout_20d, market_above_ma60, liquidity_ok, stronger_than_market, obv_uptrend, dealer_buy_3d, bb_squeeze_breakout, breakout_volume_confirm, mfi_strong, above_ichimoku_cloud",,
22,3704,合勤控,,1565.5613086112326,False,45.25,43.9,46.65,43.2,9352287,1.882884702641291,79.1417872693921,31.30431328473166,1.985115868660821,2.1740252536346034,0.8797925643131761,1.074056484463323,85.92964824120604,90.4371839613268,38.86240746109341,36.30629526262633,1.0,0.0,4.0,1616000.0,0.0,18730.0,-1,14,,,0.1042814830008789,0.1876640419947506,0.0402298850574711,47.4,,,"above_ema60, ema60_gt_ema120, volume_break, rsi_strong, breakout_20d, market_above_ma60, liquidity_ok, adx_trending, stronger_than_market, obv_uptrend, dealer_buy_3d, breakout_volume_confirm, mfi_strong, above_ichimoku_cloud",,
23,4958,臻鼎-KY,,1518.4970949492874,False,540.0,529.0,542.0,516.0,41904053,0.785758090370538,77.04816621025952,51.78682747250909,32.20058136948308,51.78580118689115,7.167735037146088,1.0950739649617176,90.3225806451613,91.57706093189942,430.5437422132893,330.82495167093765,1.0,6.0,1.0,3230273.0,272000.0,163084.0,-1,13,,,0.2385268657307304,0.3219094247246021,0.0207939508506616,38.9,,,"above_ema60, ema60_gt_ema120, rsi_strong, breakout_20d, market_above_ma60, liquidity_ok, adx_trending, stronger_than_market, obv_uptrend, invest_trust_buy_2d, bb_squeeze_breakout, mfi_strong, above_ichimoku_cloud",,
24,2399,映泰,,1495.8093202280702,False,50.5,48.2,51.2,46.2,28619049,1.4963773563069818,67.45460899139974,41.74194209927144,3.0350867484148027,2.496169949833849,-0.0319125616345195,1.1236468330906824,92.55319148936168,75.6562586349816,44.29187133054633,37.86896098792192,5.0,0.0,2.0,2099315.0,0.0,758.0,-1,13,,,0.0910360456572911,0.1744186046511628,0.0654008438818565,40.1,,,"above_ema60, ema60_gt_ema120, rsi_strong, breakout_20d, market_above_ma60, liquidity_ok, foreign_buy_3d, adx_trending, stronger_than_market, obv_uptrend, bb_squeeze_breakout, mfi_strong, above_ichimoku_cloud",,
25,2305,全友,,1495.6401974291018,False,20.8,22.1,22.7,18.95,37880895,6.786436194491191,71.59521165245539,19.28482309089427,1.350973442509571,0.7532252825468362,0.4001226883322329,1.1565240564022667,72.85714285714288,88.01120448179306,17.65554185542447,16.26207071002958,0.0,0.0,8.0,-1200000.0,0.0,2087.0,-1,13,,,0.1849101239329578,0.2682926829268295,0.0072639225181598,79.7,,,"above_ema60, ema60_gt_ema120, volume_break, rsi_strong, breakout_20d, market_above_ma60, liquidity_ok, stronger_than_market, obv_uptrend, dealer_buy_3d, breakout_volume_confirm, mfi_strong, above_ichimoku_cloud",open_high_close_low,
26,3037,欣興,,1492.9168431225469,False,1085.0,992.0,1085.0,989.0,34270461,1.0808315629566778,76.25419897414486,27.80619659530141,60.77353502523799,75.1534730276012,9.494009410076416,1.24521297497185,100.0,92.21097362829704,870.4913867978858,695.1248954204544,4.0,1.0,1.0,8680405.0,2890000.0,206128.0,-1,13,,,0.2430233089767883,0.32640586797066,0.095959595959596,40.0,,,"above_ema60, ema60_gt_ema120, rsi_strong, breakout_20d, market_above_ma60, liquidity_ok, foreign_buy_3d, adx_trending, stronger_than_market, obv_uptrend, bb_squeeze_breakout, mfi_strong, above_ichimoku_cloud",,
27,2308,台達電,,1490.5016136847107,False,2350.0,2350.0,2410.0,2290.0,12198582,1.0214305507401205,67.71910945617432,40.910159376957786,109.2004970564118,83.25030709053544,-5.5937059242981775,0.9490188121272902,88.67924528301887,80.95908009016178,2094.402947354915,1817.0962660944376,2.0,2.0,4.0,2327539.0,160900.0,78073.0,-1,13,,,0.1437714880035172,0.2271540469973889,0.0262008733624454,36.5,,,"above_ema60, ema60_gt_ema120, rsi_strong, breakout_20d, market_above_ma60, liquidity_ok, adx_trending, stronger_than_market, obv_uptrend, invest_trust_buy_2d, dealer_buy_3d, cci_momentum, above_ichimoku_cloud",,
28,2439,美律,,1484.7731452078688,False,92.3,88.5,93.1,88.2,10935804,4.111739964933779,67.21206085824286,23.660668124584912,2.196074430359658,0.2994852564459478,0.6018225517116809,1.1843681478872743,92.30769230769234,91.1582670203358,86.98866120848625,88.56170433213063,0.0,0.0,4.0,-540941.0,-616202.0,319818.0,-1,13,,,-4.922566053844335e-05,0.0833333333333332,0.0464852607709749,51.1,,,"above_ema60, volume_break, rsi_strong, breakout_20d, market_above_ma60, liquidity_ok, adx_trending, obv_uptrend, dealer_buy_3d, bb_squeeze_breakout, breakout_volume_confirm, cci_momentum, mfi_strong",,
29,2360,致茂,,1482.947022860555,False,2500.0,2550.0,2590.0,2450.0,2805851,0.7559446341643233,65.2448699256185,42.07133120175402,155.0634782063215,113.90676476218688,-1.6865329360176275,0.946179978263578,85.36585365853658,80.92042902647638,2227.4024821511284,1885.8749234482125,2.0,3.0,0.0,176684.0,34433.0,-22784.0,-1,13,,,0.1331624531715785,0.2165450121654502,0.0162601626016261,36.8,,,"above_ema60, ema60_gt_ema120, rsi_strong, breakout_20d, market_above_ma60, liquidity_ok, adx_trending, stronger_than_market, obv_uptrend, invest_trust_buy_2d, cci_momentum, mfi_strong, above_ichimoku_cloud",open_high_close_low,
30,2351,順德,,1478.8930023703956,False,216.0,206.5,216.0,206.0,8343627,0.9321352885715266,77.00378325476284,58.41422815063806,13.046289318844485,16.851308606183522,1.0692259672903042,1.088601954688606,100.0,84.22131147540979,176.43825667578506,141.70699979579936,2.0,0.0,2.0,2878226.0,-24000.0,30849.0,-1,13,,,0.1615742133404223,0.244956772334294,0.0992366412213741,39.1,,,"macd_golden_cross, above_ema60, ema60_gt_ema120, rsi_strong, breakout_20d, market_above_ma60, liquidity_ok, hist_turn_positive, adx_trending, stronger_than_market, obv_uptrend, mfi_strong, above_ichimoku_cloud",,
31,3042,晶技,,1476.894172305143,False,203.0,209.0,212.0,182.0,50022508,3.293654804745297,75.83505184185066,25.13371799491507,13.272059806108086,12.586481134499904,3.430945265068108,1.2172640668491517,87.83783783783784,95.94594594594612,159.61158563463704,133.87124524070245,0.0,1.0,0.0,-3046895.0,7195000.0,-133445.0,-1,13,,,0.28823906262775,0.3716216216216217,0.049095607235142,79.8,,,"above_ema60, ema60_gt_ema120, volume_break, rsi_strong, breakout_20d, market_above_ma60, liquidity_ok, adx_trending, stronger_than_market, obv_uptrend, breakout_volume_confirm, mfi_strong, above_ichimoku_cloud",open_high_close_low,
32,3532,台勝科,,1476.4237152818089,False,300.0,297.0,300.0,293.5,3630484,0.8258052435577211,72.55316305691964,32.989067260470065,17.77656241234396,20.622638515515376,2.526090590443001,1.009883956637408,100.0,90.16786570743412,232.3213710797782,190.7431197984388,2.0,0.0,0.0,269342.0,0.0,-4564.0,-1,13,,,0.4017659558576134,0.4851485148514851,0.098901098901099,38.9,,,"macd_golden_cross, above_ema60, ema60_gt_ema120, rsi_strong, breakout_20d, market_above_ma60, liquidity_ok, hist_turn_positive, adx_trending, stronger_than_market, obv_uptrend, mfi_strong, above_ichimoku_cloud",,
33,2301,光寶科,,1476.1884014915,False,239.5,234.0,241.5,224.0,63874418,1.4499639267253217,73.02424531689364,34.0463885836822,12.435019310774432,13.84389023592675,1.7142775175118423,0.9505859056872046,95.6043956043956,72.53479853479864,203.1679661639756,182.4693930037732,0.0,2.0,2.0,-1670020.0,2855914.0,58382.0,-1,13,,,0.0764237364056439,0.1598062953995156,0.0527472527472527,35.8,,,"above_ema60, ema60_gt_ema120, rsi_strong, breakout_20d, market_above_ma60, liquidity_ok, adx_trending, stronger_than_market, obv_uptrend, invest_trust_buy_2d, cci_momentum, mfi_strong, above_ichimoku_cloud",,
34,2441,超豐,,1464.715923056164,False,136.0,130.5,137.5,125.0,33284451,1.93383505885181,81.69699366167747,30.382495033699858,6.477102508353765,8.363981089202952,3.803033723876657,1.1801851137712691,96.29629629629628,98.7654320987652,105.24952310410556,95.93358514539274,0.0,1.0,0.0,-3708852.0,521000.0,-89447.0,-1,13,,,0.2499507743394615,0.3333333333333332,0.0583657587548638,55.8,,,"above_ema60, ema60_gt_ema120, volume_break, rsi_strong, breakout_20d, market_above_ma60, liquidity_ok, adx_trending, stronger_than_market, obv_uptrend, breakout_volume_confirm, mfi_strong, above_ichimoku_cloud",,
35,2449,京元電子,,1462.0524078321798,False,338.5,319.5,348.5,308.0,100783059,2.353894530736979,62.58629082066806,14.723690742536377,19.019521747415496,4.133490486232688,1.586879764988307,0.879767886449451,86.11111111111111,80.84656084656065,302.5499782679706,292.36014358131314,4.0,0.0,4.0,24629053.0,-3868527.0,1152786.0,-1,13,,,0.0878977178227373,0.171280276816609,0.0678233438485804,56.2,,,"macd_golden_cross, above_ema60, ema60_gt_ema120, volume_break, rsi_strong, market_above_ma60, liquidity_ok, hist_turn_positive, foreign_buy_3d, stronger_than_market, obv_uptrend, dealer_buy_3d, above_ichimoku_cloud",,
36,3062,建漢,,1451.3468820061507,False,30.05,30.7,31.0,29.5,13974748,1.5051197288060298,58.40472759670524,20.55953045413815,1.4990429390142863,0.5311026641156111,0.3743117344637126,0.9022876688805458,67.01030927835055,84.40244368079463,28.328557637528192,27.46638183566432,5.0,0.0,3.0,475025.0,0.0,20875.0,-1,13,,,0.0073615426395221,0.0907441016333938,-0.0383999999999999,26.2,,,"above_ema60, ema60_gt_ema120, volume_break, rsi_strong, market_above_ma60, liquidity_ok, foreign_buy_3d, adx_trending, stronger_than_market, obv_uptrend, dealer_buy_3d, mfi_strong, above_ichimoku_cloud",,
37,2428,興勤,,1450.654701846944,False,256.0,243.5,257.5,233.0,3145186,1.5166226843969708,86.37827411613382,34.2005626780622,11.725259804276693,17.81741620623947,5.001574184962719,1.0453484380229208,97.32142857142856,92.41259409192146,211.7055189526216,189.33202945328387,1.0,0.0,1.0,720413.0,0.0,33196.0,-1,13,,,0.1128791232491188,0.1962616822429905,0.0534979423868313,41.6,,,"above_ema60, ema60_gt_ema120, volume_break, rsi_strong, breakout_20d, market_above_ma60, liquidity_ok, adx_trending, stronger_than_market, obv_uptrend, breakout_volume_confirm, mfi_strong, above_ichimoku_cloud",,
38,4956,光鋐,,1448.0994910870586,False,49.95,53.0,53.8,48.45,10609516,1.9138177051113603,60.186768837351394,25.046048808571737,3.638635030150168,1.21537759714154,0.0429541018228922,0.7566358105572663,72.10144927536236,83.73596067463343,45.94427920934957,40.23808040726844,0.0,0.0,0.0,-1111997.0,0.0,-2000.0,-1,13,,,0.089152652273734,0.1725352112676057,-0.0089285714285713,50.1,,,"macd_golden_cross, above_ema60, ema60_gt_ema120, volume_break, rsi_strong, market_above_ma60, liquidity_ok, hist_turn_positive, adx_trending, stronger_than_market, obv_uptrend, mfi_strong, above_ichimoku_cloud","open_high_close_low, gap_chase_after_blowout",
39,4952,凌通,,1446.4218097439928,False,55.0,54.7,55.7,53.3,1944485,1.5460652891432742,67.76831734457888,34.71607941861382,2.5663923859060787,2.1697240554111943,0.3365535165511826,0.9811626372994566,84.26966292134833,86.42872879488884,50.3752673358856,46.347580907980166,1.0,0.0,0.0,36200.0,0.0,-3650.0,-1,13,,,0.0624507743394615,0.1458333333333332,0.0054844606946982,34.8,,,"above_ema60, ema60_gt_ema120, volume_break, rsi_strong, breakout_20d, market_above_ma60, liquidity_ok, adx_trending, stronger_than_market, obv_uptrend, breakout_volume_confirm, mfi_strong, above_ichimoku_cloud",long_upper_shadow,
40,2453,凌群,,1432.3363634631644,False,61.6,58.2,62.2,58.2,5423106,7.473379963299434,76.10977363697246,32.9132967937774,1.6071295356492776,1.06101124319769,0.5813981918177427,1.3988228448704456,92.68292682926828,90.89430894308924,55.67534353534052,54.68722597750773,1.0,0.0,0.0,979306.0,0.0,-3000.0,-1,12,,,0.0468926703639265,0.1302752293577982,0.071304347826087,58.4,,,"above_ema60, volume_break, rsi_strong, breakout_20d, market_above_ma60, adx_trending, stronger_than_market, obv_uptrend, bb_squeeze_breakout, breakout_volume_confirm, mfi_strong, above_ichimoku_cloud",,
41,3229,晟鈦,,1407.4858253472164,False,47.9,47.0,47.9,46.5,743063,0.9257188553628368,67.16759346435246,42.954619331747885,3.365501205253273,2.754163457102038,-0.253540165102323,0.9546233415457592,100.0,66.77178196353513,39.58819748160048,32.53878955695053,3.0,0.0,3.0,219985.0,0.0,7939.0,-1,12,,,0.2527401746184015,0.3361227336122732,0.0998851894374281,40.5,,,"above_ema60, ema60_gt_ema120, rsi_strong, market_above_ma60, foreign_buy_3d, adx_trending, stronger_than_market, obv_uptrend, dealer_buy_3d, cci_momentum, mfi_strong, above_ichimoku_cloud",,
42,2327,國巨*,,1403.443400558189,False,661.0,674.0,678.0,631.0,29457930,0.5045067098224562,83.86842715814811,53.73860143178628,35.98338019519056,85.68182371758985,25.04986939245985,0.9670250956815722,87.67967145790554,95.89322381930168,482.3576612600978,371.20464035991967,0.0,8.0,4.0,-3752033.0,124208.0,1203705.0,-1,12,,,0.2465973202817821,0.3299798792756538,-0.0434153400868306,38.2,,,"above_ema60, ema60_gt_ema120, rsi_strong, market_above_ma60, liquidity_ok, adx_trending, stronger_than_market, obv_uptrend, invest_trust_buy_2d, dealer_buy_3d, mfi_strong, above_ichimoku_cloud",,
43,2472,立隆電,,1397.7918979064546,False,307.0,280.5,307.0,266.0,15044620,1.2479803484873857,82.59960212586454,56.3227641140714,18.139534068200504,29.8089751715722,6.078408773401215,1.0773921162228235,100.0,90.418206856563,232.06874218306447,182.59298806219613,1.0,3.0,2.0,1408408.0,146000.0,27119.0,-1,12,,,0.2398933030750938,0.3232758620689655,0.0983899821109124,43.8,,,"above_ema60, ema60_gt_ema120, rsi_strong, breakout_20d, market_above_ma60, liquidity_ok, adx_trending, stronger_than_market, obv_uptrend, invest_trust_buy_2d, mfi_strong, above_ichimoku_cloud",,
44,3622,洋華,,1382.1835235326157,False,58.5,56.6,58.6,56.6,1229568,2.694836654151364,61.839541117876216,20.440326014333746,1.5244921734914292,-0.1193758503048627,0.3552696735237214,1.0735462859807667,98.4375,85.33464093184436,55.739692474182085,57.24455363722348,4.0,0.0,1.0,202000.0,0.0,4994.0,-1,12,,,-0.0020516902323191,0.0813308687615526,0.0353982300884956,45.0,,,"above_ema60, volume_break, rsi_strong, breakout_20d, market_above_ma60, foreign_buy_3d, adx_trending, obv_uptrend, bb_squeeze_breakout, breakout_volume_confirm, cci_momentum, mfi_strong",,
45,3168,眾福科,,1373.193276534018,False,52.1,50.8,52.3,49.4,461083,4.4813873666091775,74.47838113406223,30.552664341449287,1.588518107526915,1.253183101824419,0.574792365513376,1.3201124971390903,97.6744186046512,90.5581395348836,45.88172681359326,43.99472018460206,0.0,0.0,0.0,-34000.0,0.0,-1000.0,-1,12,,,0.0782673852647681,0.1616499442586398,0.0451354062186559,63.8,,,"above_ema60, ema60_gt_ema120, volume_break, rsi_strong, breakout_20d, market_above_ma60, adx_trending, stronger_than_market, obv_uptrend, breakout_volume_confirm, mfi_strong, above_ichimoku_cloud",,
46,3617,碩天,,1362.8987540023586,False,206.5,207.5,209.0,203.5,335762,1.0433033890845005,64.99207207647095,20.963550478985773,5.763934992539121,3.862126970116151,0.8684667102360599,1.02585961635346,89.36170212765957,91.71932395168794,194.8334347095692,190.6138414201476,4.0,0.0,0.0,18020.0,0.0,-439.0,-1,12,,,0.0150216963252771,0.0984042553191488,0.0048661800486617,14.8,,,"above_ema60, rsi_strong, breakout_20d, market_above_ma60, liquidity_ok, foreign_buy_3d, adx_trending, stronger_than_market, obv_uptrend, bb_squeeze_breakout, mfi_strong, above_ichimoku_cloud",,
47,2495,普安,,1362.669854468368,False,46.05,46.5,47.9,44.7,17553438,2.016665782130773,66.9925738432872,22.03026373525865,2.4619906388929027,1.2102459253403095,0.8831233456211081,0.9772803367848286,86.03773584905659,92.43230703145916,40.101447589613294,37.57939608050045,5.0,0.0,0.0,1233449.0,0.0,-80405.0,-1,12,,,0.2047293291180163,0.288111888111888,-0.0021668472372697,58.4,,,"above_ema60, ema60_gt_ema120, volume_break, rsi_strong, market_above_ma60, liquidity_ok, foreign_buy_3d, adx_trending, stronger_than_market, obv_uptrend, mfi_strong, above_ichimoku_cloud",long_upper_shadow,
48,3305,昇貿,,1359.5086362508605,False,163.5,162.5,166.0,157.0,17035367,1.3442082156472897,79.9558865763727,35.92654912420921,8.87072831463081,11.090435933772,3.727181851650024,1.035747698065472,93.90243902439023,93.9873801723091,133.13482360167308,119.92826059860144,5.0,0.0,0.0,487643.0,0.0,-231355.0,-1,12,,,0.1014000497017804,0.1847826086956521,0.0186915887850467,37.7,,,"above_ema60, ema60_gt_ema120, rsi_strong, breakout_20d, market_above_ma60, liquidity_ok, foreign_buy_3d, adx_trending, stronger_than_market, obv_uptrend, mfi_strong, above_ichimoku_cloud",long_upper_shadow,
49,2357,華碩,,1358.8273352024885,False,699.0,711.0,717.0,694.0,4568619,0.8091862860374306,67.15007007865212,30.195223568604177,22.62958021487179,25.17094943304346,3.732347724493256,0.8649902929270966,81.05263157894737,85.71287373362975,648.7345573396404,606.9454518888574,0.0,3.0,7.0,-539090.0,481497.0,7467.0,-1,12,,,0.0054024877351002,0.0887850467289719,-0.0141043723554301,13.2,,,"above_ema60, ema60_gt_ema120, rsi_strong, market_above_ma60, liquidity_ok, adx_trending, stronger_than_market, obv_uptrend, invest_trust_buy_2d, dealer_buy_3d, mfi_strong, above_ichimoku_cloud",,
50,3135,凌航,,1357.553460443731,False,225.0,219.0,225.5,219.0,2615871,0.3514097566073229,72.00356296604244,42.696767713215095,14.258324280005302,20.58909916336017,0.7206031272274558,0.8437666841275547,73.94957983193277,59.94397759103655,188.72692544036195,151.84536343207333,6.0,0.0,0.0,447003.0,0.0,-11519.0,-1,12,,,0.1134259516444262,0.1968085106382979,0.053864168618267,34.0,,,"above_ema60, ema60_gt_ema120, rsi_strong, breakout_20d, market_above_ma60, liquidity_ok, foreign_buy_3d, adx_trending, stronger_than_market, obv_uptrend, mfi_strong, above_ichimoku_cloud",,