date,open,high,low,close,volume,amount,stock_id,name,industry_category,macd,macd_signal,macd_hist,ema20,ema60,ema120,rsi14,adx14,atr14,volume_ma20,amount_ma20,close_20d_high,close_10d_low,lr_slope_20,lr_slope_60,return_5d,day_return,prev_close,prev_volume_ratio,bb_upper,bb_mid,bb_lower,bb_pct_b,bb_bandwidth,stoch_k,stoch_d,sma5,sma10,obv,obv_ma,williams_r,cci20,mfi14,ichi_senkou_a,ichi_senkou_b,market_ma60,market_above_ma60,market_return_5d,foreign_net,foreign_buy_streak,invest_trust_net,invest_trust_streak,dealer_net,dealer_buy_streak,relative_strength_5d,margin_change_5d,short_ratio,revenue_yoy,revenue_mom,revenue_3m_yoy,foreign_holding_pct,foreign_holding_chg5d,insider_net_30d,has_buyback,limit_down_streak,macd_golden_cross,hist_turn_positive,above_ema60,ema60_gt_ema120,volume_ratio,volume_break,rsi_strong,adx_trending,breakout_20d,avoid_chase,liquidity_ok,foreign_buy_3d,stronger_than_market,kd_golden_cross,obv_uptrend,invest_trust_buy_2d,dealer_buy_3d,bb_squeeze_breakout,breakout_volume_confirm,williams_r_recovery,cci_momentum,mfi_strong,ma5_above_ma10,kd_level_score,bb_level_signal,gap_to_20d_high_pct,breakout_proximity_score,obv_strength,foreign_buy_accel,invest_trust_accel,above_ichimoku_cloud,long_upper_shadow,open_high_close_low,gap_chase_after_blowout,earnings_blocked,f_score,f_score_low,condition_count,skip_trade,entry_signal,entry_score,momentum_score,expected_hold_days,momentum_decay_signal,estimated_sl_days,macd_death_cross,close_below_ema20,close_below_swing_low,base_exit_signal,entry_reason,skip_reason,base_exit_reason
2026-07-01,1620.0,1620.0,1540.0,1555.0,678047,1065169265,8996,高力,,102.89781309968292,91.3546267894936,11.543186310189329,1377.4183437643176,1193.044477407165,1018.6012106318392,63.9909333818806,23.656477393182783,111.51614102873452,3104681.6,4102837152.75,1590.0,1370.0,1.8392874793291163,0.5132983998838154,0.0724137931034483,0.0032258064516128,1550.0,0.2836866233661499,1683.7140032972886,1349.5,1015.2859967027114,0.8074377464327916,0.4953153068503722,60.9375,56.97163654618453,1482.0,1497.0,211250076.0,205822960.0,-21.92982456140351,100.76307463242134,62.12950797436555,1120.0,1024.0,,,,0.0,0.0,0.0,0.0,0.0,0.0,,0.0,0.0,0.0,0.0,0.0,0.0,0.0,0,False,0,False,False,True,True,0.2183950199595346,False,True,True,False,False,True,False,False,False,True,False,False,False,False,False,True,True,False,0.0,-12.0,2.2508038585209005,8.0,0.6124258394052957,False,False,True,False,True,False,False,-1,False,9,True,False,600.5330602724589,,3,False,3,False,False,False,False,"ema60_gt_ema120, rsi_strong, market_above_ma60, liquidity_ok, adx_trending, obv_uptrend, cci_momentum, mfi_strong, above_ichimoku_cloud",open_high_close_low,
2026-07-01,54.1,55.6,53.4,53.4,4337092,235491160,8070,長華*,,0.5717980051033322,1.449132175295199,-0.8773341701918669,55.04068149188896,51.76330742604435,49.02451792481431,46.76671936254859,22.533651908726952,2.72550795538317,14886524.7,886185322.85,65.3,53.0,-0.7585287437617726,0.4309048465874251,-0.0761245674740483,-0.0037313432835821,53.6,0.1904646259093755,63.46651200925829,57.31499999999987,51.16348799074145,0.1817855517385363,0.2146562683157439,9.63855421686744,8.835341365462227,54.04000000000015,55.31000000000004,257637498.0,278633213.35,-90.36144578313257,-103.24574961360138,42.96041916325503,45.775,45.875,95356.7506666666,1.0,0.0228153288916286,-1053138.0,0.0,1074535.0,4.0,-48501.0,0.0,-0.098939896365677,0.0,0.0,0.2634,-0.037,0.0,12.32,-0.39,0,False,0,False,False,True,True,0.2913434859648606,False,False,True,False,True,True,False,False,False,False,True,False,False,False,False,False,False,False,20.0,12.0,22.284644194756552,0.0,-0.3535443583101342,False,True,True,True,False,False,False,-1,False,7,True,False,560.670902559927,7.7,3,False,3,False,True,False,True,"ema60_gt_ema120, market_above_ma60, avoid_chase, liquidity_ok, adx_trending, invest_trust_buy_2d, above_ichimoku_cloud",long_upper_shadow,close_below_ema20
2026-07-01,29.8,29.8,29.0,29.2,151977,4432922,8072,陞泰,,0.2793029389039176,0.3585619000565245,-0.0792589611526068,29.21715523938324,28.8834364308135,29.731162613380107,50.80939564303962,23.91713682225708,1.1893797161509256,547246.45,16474930.2,31.25,28.3,0.0493036340538351,0.0574933235473899,-0.053484602917342,-0.0034129692832765,29.3,0.2220424777542141,31.125106834360388,29.36999999999989,27.614893165639398,0.4515698997144427,0.1195169788464762,18.918918918918884,17.192496139864186,29.23999999999978,29.71999999999989,179850033.0,179435333.7,-63.15789473684213,-9.710210893643382,60.43122886627474,27.9375,28.375,95356.7506666666,1.0,0.0228153288916286,7000.0,2.0,0.0,0.0,1000.0,1.0,-0.0762999318089706,0.0,0.0,0.3137,-0.0096,0.0,1.89,-0.26,0,False,0,False,False,True,False,0.2777121715453796,False,False,True,False,True,False,False,False,False,True,False,False,False,False,False,False,True,False,20.0,0.0,7.020547945205482,0.0,0.1844099647273348,True,False,True,False,False,False,False,-1,False,6,False,False,484.9900412921818,6.1,3,False,3,False,True,False,True,"market_above_ma60, avoid_chase, adx_trending, obv_uptrend, mfi_strong, above_ichimoku_cloud",,close_below_ema20
2026-07-01,316.0,320.5,308.0,309.0,2251888,708422347,8081,致新,,11.665243642408484,11.559392026460172,0.1058516159483105,300.4843016399032,276.7550376917091,258.96564560644,55.91662648463198,26.438280768576654,14.822237648435648,1546051.4,472002746.5,341.5,282.5,1.0129429049832248,0.51938450097,-0.0521472392638037,-0.012779552715655,313.0,0.8003189638668542,341.89025871328323,295.7,249.50974128671675,0.6439697500132776,0.3124129774317433,26.666666666666668,39.03373132380693,312.1,315.85,22269699.0,19997495.0,-43.01675977653631,53.79946981012734,71.40875496273651,268.0,258.5,95356.7506666666,1.0,0.0228153288916286,-984995.0,0.0,365628.0,1.0,131714.0,1.0,-0.0749625681554323,0.0,0.0,-0.0328,0.0042,0.0,16.19,-2.42,0,False,0,False,False,True,True,1.4565414836790032,False,True,True,False,True,True,False,False,False,True,False,False,False,False,False,False,True,False,10.0,0.0,10.517799352750808,0.0,0.5220784629928521,False,False,True,False,False,False,False,-1,False,9,False,False,610.8303563927043,16.3,3,False,3,False,False,False,False,"ema60_gt_ema120, rsi_strong, market_above_ma60, avoid_chase, liquidity_ok, adx_trending, obv_uptrend, mfi_strong, above_ichimoku_cloud",,
2026-07-01,12.75,12.75,12.75,12.75,4540,57288,8101,華冠,,-0.2728019909805823,0.0215274768810352,-0.2943294678616175,14.01327632742209,14.011586383531649,14.17075756397658,39.07654195581286,14.0304945137058,0.6775166422829524,14445.35,210910.15,16.6,12.6,-1.2612811411981693,0.140062151780583,-0.102112676056338,0.0119047619047618,12.6,2.737756714060032,16.934683679544392,14.672500000000037,12.410316320455683,0.0750787132397523,0.3083569506961116,10.526315789473657,10.10025062656617,13.350000000000184,13.710000000000036,1042813.0,1078664.5,-92.45283018867929,-134.2516069788795,23.38991468522677,13.1875,7.6,95356.7506666666,1.0,0.0228153288916286,0.0,0.0,0.0,0.0,0.0,0.0,-0.1249280049479666,0.0,0.0,-0.1447,-0.0624,0.0,0.05,0.0,0,False,0,False,False,False,False,0.3142879888683901,False,False,False,False,True,False,False,False,True,False,False,False,False,False,False,False,False,False,20.0,25.0,30.19607843137256,0.0,-0.338755921085001,False,False,False,False,False,False,False,-1,False,3,False,False,184.0778088356639,8.0,3,False,3,False,True,False,True,"market_above_ma60, avoid_chase, kd_golden_cross",,close_below_ema20
2026-07-01,99.8,103.5,98.9,99.4,1599704,161052264,8103,瀚荃,,-1.5134359167946627,-1.9785414766112412,0.4651055598165787,99.1520504134804,99.9325249017721,94.72421650693606,49.31767449616522,16.803533276977788,5.629014211007413,1381067.65,137382086.25,105.0,93.0,-0.1011982267956685,-0.0040830064798129,0.0111902339776195,0.0060728744939271,98.8,0.6177943225721959,103.98223903944786,97.93499999999968,91.88776096055147,0.6211296585469533,0.1234949515382285,32.867132867132895,32.92540792540785,98.8,97.84999999999964,122637757.0,118821321.7,-51.33689839572189,69.3772417611522,53.86394157981921,111.925,106.8,95356.7506666666,1.0,0.0228153288916286,-16000.0,0.0,0.0,0.0,27217.0,2.0,-0.011625094914009,0.0,0.0,0.2236,-0.0589,0.0,21.24,-1.28,0,False,0,False,False,False,True,1.1583096599214384,False,False,False,False,True,True,False,False,False,True,False,False,False,False,False,False,True,True,0.0,0.0,5.633802816901403,0.0,0.5960958736742396,False,False,False,True,False,False,False,-1,False,6,True,False,413.7362470833053,17.4,3,True,3,False,False,False,False,"ema60_gt_ema120, market_above_ma60, avoid_chase, liquidity_ok, obv_uptrend, mfi_strong",long_upper_shadow,
2026-07-01,38.65,38.95,37.2,37.55,956180,36109612,8104,錸寶,,0.0249858266003073,0.6028551754637227,-0.5778693488634153,38.99144574998444,37.6134334743129,36.57504394434695,45.3745309030702,22.11725438149919,2.129997700757637,4026876.9,170741870.9,44.6,36.8,-0.6029978245278882,0.3399314820876309,-0.0635910224438903,-0.0118421052631579,38.0,0.1394046532513814,44.40213829504338,40.08249999999998,35.762861704956585,0.2068620302183725,0.2155373689287543,11.333333333333258,10.000000000000606,37.70999999999985,39.575,160453030.0,169899490.95,-88.66666666666674,-92.50874836227352,71.87432317435069,35.8875,36.0,95356.7506666666,1.0,0.0228153288916286,-102000.0,0.0,0.0,0.0,-1000.0,0.0,-0.086406351335519,0.0,0.0,-0.333,-0.0294,0.0,1.09,-0.36,0,False,0,False,False,False,True,0.2374495232272931,False,False,True,False,True,True,False,False,False,False,False,False,False,False,False,False,True,False,20.0,0.0,18.774966711051945,0.0,-0.6868726150063803,False,False,True,False,False,False,False,-1,False,7,False,False,429.1320238521964,8.5,3,False,3,False,True,False,True,"ema60_gt_ema120, market_above_ma60, avoid_chase, liquidity_ok, adx_trending, mfi_strong, above_ichimoku_cloud",,close_below_ema20
2026-07-01,22.9,23.5,21.6,21.65,14265460,317349270,8105,凌巨,,1.3964889079450875,1.594451288931262,-0.1979623809861741,21.48300409426799,18.27760266240693,16.152043049101668,53.60222503326603,40.80834213660821,1.6071851409961104,24566152.05,540632458.1,25.15,21.4,0.750191236617476,1.1014481639992402,-0.0787234042553192,-0.0525164113785558,22.85,0.4748904527802346,24.347285393587903,21.770000000000003,19.192714606412103,0.4767196911334391,0.2367740370774368,11.827956989247255,30.233159664486568,23.040000000000056,22.630000000000063,72611475.0,28557518.05,-68.90756302521011,31.339760543753467,60.3152602599916,16.1625,15.425,95356.7506666666,1.0,0.0228153288916286,522000.0,1.0,0.0,0.0,8000.0,1.0,-0.1015387331469478,0.0,0.0,-0.0419,0.0626,0.0,39.94,-2.47,0,False,0,False,False,True,True,0.5806957463653735,False,False,True,False,True,True,False,False,False,True,False,False,False,False,False,False,True,True,20.0,0.0,16.16628175519631,0.0,1.2674993597889783,False,False,True,False,False,False,False,-1,False,8,False,False,591.0169497811215,11.1,8,True,3,False,False,False,False,"ema60_gt_ema120, market_above_ma60, avoid_chase, liquidity_ok, adx_trending, obv_uptrend, mfi_strong, above_ichimoku_cloud",,
2026-07-01,58.0,58.1,54.0,54.1,9936225,554394281,8110,華東,,0.6866811742173553,1.264143386161001,-0.5774622119436457,56.96232651522918,55.18273863936886,52.46246142866326,46.41241265921887,19.227865794914678,3.869767305775701,17943888.05,1056481509.75,63.2,55.3,0.1637544776844753,0.4190218649734982,-0.0591304347826087,-0.0558464223385688,57.3,0.4232741162068503,63.19897700110332,57.08999999999996,50.9810229988966,0.2552781750970804,0.2140121562831797,1.0101010101010246,15.30268673125829,57.37999999999992,58.31000000000004,2704117502.0,2681611548.7,-77.77777777777776,-51.88227241615337,63.219863821534105,49.2375,54.7,95356.7506666666,1.0,0.0228153288916286,-2140992.0,0.0,0.0,0.0,-43615.0,0.0,-0.0819457636742373,0.0,0.0,0.1999,0.0089,0.0,2.28,0.21,0,False,0,False,False,False,True,0.5537386865273047,False,False,False,False,True,True,False,False,False,True,False,False,False,False,False,False,True,False,20.0,0.0,16.820702402957487,0.0,0.1280779886088851,False,False,False,False,False,False,False,-1,False,6,False,False,422.07432272857966,10.7,3,False,3,False,True,True,True,"ema60_gt_ema120, market_above_ma60, avoid_chase, liquidity_ok, obv_uptrend, mfi_strong",,"close_below_ema20, close_below_swing_low"
2026-07-01,92.8,92.9,89.7,89.7,18977888,1729009524,8112,至上,,1.042681956744019,2.0785815465337136,-1.0358995897896943,93.0233783840812,88.58580606077162,82.67459474046996,45.32343516026691,22.125603507059065,4.5572470450526,32182654.0,3072161204.5,100.5,91.2,0.0182346717384851,0.2736917411658856,-0.0636743215031314,-0.0292207792207792,92.4,0.5995096662554421,101.32567660558156,94.30499999999977,87.28432339441795,0.1720401566183423,0.1488929877648442,0.0,8.263661698775953,92.1,94.75999999999983,1282748986.0,1239460146.75,-100.0,-93.34907516725735,54.25529236553368,84.15,85.25,95356.7506666666,1.0,0.0228153288916286,-9829553.0,0.0,2507566.0,4.0,-94905.0,0.0,-0.08648965039476,0.0,0.0,2.5318,0.5379,0.0,14.19,-5.36,0,False,0,False,False,True,True,0.589693068818998,False,False,True,False,True,True,False,False,False,True,True,False,False,False,False,False,True,False,20.0,12.0,12.04013377926421,0.0,0.2786033936886584,False,True,True,False,False,False,False,-1,False,9,False,False,701.2401714124538,7.6,3,False,3,False,True,True,True,"ema60_gt_ema120, market_above_ma60, avoid_chase, liquidity_ok, adx_trending, obv_uptrend, invest_trust_buy_2d, mfi_strong, above_ichimoku_cloud",,"close_below_ema20, close_below_swing_low"
2026-07-01,73.0,73.0,67.4,69.3,6498130,451646242,8131,福懋科,,0.9752687152915628,1.7194011956791535,-0.744132480387591,71.838409315421,68.53939826752081,63.74637141120956,46.72888094859509,13.206490910821376,4.534578935273575,7329752.7,540175952.7,78.8,69.5,0.2343578540887556,0.3718989066961897,-0.074766355140187,-0.0375,72.0,0.5849207772849453,79.44861482557674,72.22999999999993,65.01138517442313,0.2970524767703053,0.1998785774768604,14.61538461538455,19.19928025191196,71.35999999999986,73.63999999999979,690450376.0,668456531.85,-69.81132075471702,-56.02996254681658,62.47322211521973,64.625,65.5,95356.7506666666,1.0,0.0228153288916286,-1724577.0,0.0,0.0,0.0,-173636.0,0.0,-0.0975816840318156,0.0,0.0,0.4961,0.0544,0.0,3.97,-0.99,0,False,0,False,False,True,True,0.8865415063730595,False,False,False,False,True,True,False,False,False,True,False,False,False,False,False,False,True,False,20.0,0.0,13.708513708513708,0.0,0.3877137763468852,False,False,True,False,False,False,False,-1,False,7,False,False,508.5179803798932,9.8,3,False,3,False,True,True,True,"ema60_gt_ema120, market_above_ma60, avoid_chase, liquidity_ok, obv_uptrend, mfi_strong, above_ichimoku_cloud",,"close_below_ema20, close_below_swing_low"
2026-07-01,185.0,186.0,182.0,182.5,424134,77738025,8114,振樺電,,-9.81744657176634,-5.949521899931942,-3.867924671834397,203.91029403496395,205.73198493700093,202.80266504777447,32.77432210427223,22.295988015947643,11.324773778493562,1096153.2,231023217.1,254.5,182.5,-1.185690614141963,0.3712352447576956,-0.1247002398081534,-0.0054495912806539,183.5,0.4034363220818172,240.49623584879075,206.875,173.25376415120925,0.1375058889919316,0.3250391381151975,2.985074626865672,3.9654667837282127,184.5,197.05,14074757.0,16952134.1,-97.6470588235294,-138.31914794660725,25.1782094060074,223.375,211.25,95356.7506666666,1.0,0.0228153288916286,-64900.0,0.0,-1000.0,0.0,-2441.0,0.0,-0.1475155686997821,0.0,0.0,-0.1706,-0.1373,0.0,11.49,0.81,0,False,0,False,False,False,True,0.3869294912426474,False,False,True,False,True,True,False,False,False,False,False,False,False,False,False,False,False,False,20.0,12.0,39.45205479452055,0.0,-0.4524557661647651,False,False,False,False,False,False,False,-1,False,5,False,False,305.4398257184493,9.3,3,False,3,False,True,False,True,"ema60_gt_ema120, market_above_ma60, avoid_chase, liquidity_ok, adx_trending",,close_below_ema20
2026-07-01,102.5,109.0,96.7,107.0,117404586,12320120500,8150,南茂,,3.2988000481876014,3.8072362414875625,-0.508436193299961,97.92137209474936,87.02945551069004,74.74282471152333,57.594119160713895,26.81978359952185,9.161644794486149,57691824.4,5775247324.2,114.0,90.5,0.4292670359015089,0.889012078323327,0.0388349514563106,0.0753768844221105,99.5,0.746128137176377,110.54400815087249,98.02999999999992,85.51599184912737,0.858398360135902,0.2553097653957475,70.33898305084746,36.44067796610155,98.1,101.28999999999996,1294297827.0,1234263601.5,-29.66101694915255,96.9417679095098,51.44896005432209,82.7,78.0,95356.7506666666,1.0,0.0228153288916286,13827303.0,2.0,6480000.0,4.0,962067.0,2.0,0.016019622564682,0.0,0.0,0.1772,-0.031,0.0,43.56,0.17,0,False,0,False,False,True,True,2.0350298715809028,True,True,True,False,True,True,False,True,False,True,True,False,False,False,False,False,True,False,-10.0,-12.0,6.5420560747663545,0.0,0.6388076986329435,True,True,True,False,False,False,False,-1,False,12,False,False,931.0159910994043,43.4,6,False,3,False,False,False,False,"ema60_gt_ema120, volume_break, rsi_strong, market_above_ma60, avoid_chase, liquidity_ok, adx_trending, stronger_than_market, obv_uptrend, invest_trust_buy_2d, mfi_strong, above_ichimoku_cloud",,
2026-07-01,80.9,80.9,77.2,77.2,323121,25455026,8162,微矽電子-創,,4.4293844469714685,4.945470887014245,-0.5160864400427769,75.58579239142958,63.95824490098301,54.71265999695064,54.93486038993835,40.10332382233811,5.370173084734738,822479.4,64224128.1,86.2,70.0,0.925247517677666,1.272471694063554,-0.0917647058823528,-0.0252525252525253,79.2,0.3355686167159738,88.1609178837935,75.15500000000002,62.14908211620653,0.5786180574978194,0.3461091845863477,25.29411764705881,40.41335453100146,79.72000000000044,80.31000000000022,13754244.0,14496414.65,-47.21189591078067,35.64310678489944,67.10651467234527,56.0125,51.7,95356.7506666666,1.0,0.0228153288916286,-3859.0,0.0,0.0,0.0,3758.0,1.0,-0.1145800347739814,0.0,0.0,-0.0391,0.0979,0.0,0.77,-0.34,0,False,0,False,False,True,True,0.3928621190998826,False,False,True,False,True,True,False,False,False,False,False,False,False,False,False,False,True,False,10.0,0.0,11.658031088082902,0.0,-0.1618991553263674,False,False,True,False,True,False,False,-1,False,7,True,False,486.9858313270825,10.4,8,False,3,False,False,False,False,"ema60_gt_ema120, market_above_ma60, avoid_chase, liquidity_ok, adx_trending, mfi_strong, above_ichimoku_cloud",open_high_close_low,
2026-07-01,42.8,44.0,41.0,41.3,2938728,125461371,8163,達方,,1.401762542202242,2.1551112887291817,-0.7533487465269397,41.339638077291255,36.865613363497424,34.51429577780588,52.76853729043128,37.45987507177093,2.5207872556646027,4962991.85,214969169.6,45.3,39.4,0.1060987504860986,1.0317662809233847,-0.0395348837209302,-0.0095923261390888,41.7,0.4117039862450198,45.966448175877005,42.375,38.783551824123,0.350338923554494,0.1695078785074692,23.97660818713448,18.12865497076018,41.37999999999992,42.71000000000004,39454107.0,36959997.6,-76.02339181286553,-17.734495130702403,59.59753425487094,32.45,31.700000000000003,95356.7506666666,1.0,0.0228153288916286,239551.0,7.0,0.0,0.0,-4797.0,0.0,-0.0623502126125589,0.0,0.0,0.1641,-0.0042,0.0,9.97,0.65,0,False,0,False,False,True,True,0.5921283146979176,False,False,True,False,True,True,True,False,False,True,False,False,False,False,False,False,True,False,10.0,0.0,9.685230024213077,0.0,0.1043426061167416,True,False,True,False,True,False,False,-1,False,9,True,False,727.1733944203801,9.2,8,False,3,False,True,False,True,"ema60_gt_ema120, market_above_ma60, avoid_chase, liquidity_ok, foreign_buy_3d, adx_trending, obv_uptrend, mfi_strong, above_ichimoku_cloud",open_high_close_low,close_below_ema20
2026-07-01,12.9,13.0,12.85,12.9,65190,839598,8201,無敵,,-0.0689784994004067,0.0018139058405737,-0.0707924052409805,13.19508300538477,13.256162020821042,13.431425112953049,44.95474553310149,17.875714417897417,0.4605386500751834,175477.75,2439028.3,15.05,12.85,-0.3703140684264825,0.0348722205565715,-0.0152671755725189,-0.0114942528735632,13.05,0.4095561454275258,14.3031611443847,13.357500000000003,12.411838855615311,0.2581057428886523,0.1415925351876763,12.500000000000036,14.833333333333334,13.0,13.184999999999992,3654298.0,3750075.75,-84.61538461538454,-90.23706347183308,45.755005568648144,13.05,13.0,95356.7506666666,1.0,0.0228153288916286,-3000.0,0.0,0.0,0.0,-1010.0,0.0,-0.0380825044641476,0.0,0.0,0.2055,0.0141,0.0,0.86,-0.05,0,False,0,False,False,False,False,0.37150009046731,False,False,False,False,True,False,False,False,False,False,False,False,False,False,False,False,False,False,20.0,0.0,16.666666666666668,0.0,-0.2538676731039088,False,False,False,False,False,False,False,-1,False,2,False,False,150.6685888274262,7.1,3,False,3,False,True,False,True,"market_above_ma60, avoid_chase",,close_below_ema20
2026-07-01,37.0,37.0,35.55,35.6,758194,27259131,8213,志超,,-0.330564933687981,-0.2755468751043227,-0.0550180585836583,36.680989222952014,36.722151312741474,36.0608336678134,43.32844532357146,11.673835714894937,1.245596868872962,879564.25,32155524.3,38.45,35.65,-0.0469790816835969,0.0399734626148046,-0.0455764075067023,-0.0286493860845837,36.65,0.4214075342552613,38.32573366038201,36.47250000000004,34.61926633961807,0.2646006494884708,0.1016236156217405,1.9607843137256544,20.38148592770449,36.17000000000007,36.625,18728974.0,19611689.1,-61.72839506172833,-41.87966223635814,38.03742795468855,38.8,37.9,95356.7506666666,1.0,0.0228153288916286,-322000.0,0.0,0.0,0.0,-5254.0,0.0,-0.0683917363983309,0.0,0.0,0.1349,-0.0419,0.0,22.52,-0.05,0,False,0,False,False,False,True,0.8620109332547338,False,False,False,False,True,False,False,False,False,False,False,False,False,False,False,False,False,False,20.0,0.0,8.005617977528095,0.0,-0.2155566205391902,False,False,False,False,False,False,False,-1,False,3,False,False,216.03342988607707,5.2,3,False,3,False,True,True,True,"ema60_gt_ema120, market_above_ma60, avoid_chase",,"close_below_ema20, close_below_swing_low"
2026-07-01,1315.0,1325.0,1270.0,1295.0,936161,1218503575,8210,勤誠,,-20.47454170589276,-1.441486434123611,-19.03305527176915,1330.599150476496,1264.3952082372546,1134.6685209972609,46.4556794163742,16.157479700213365,76.97484233531982,1583736.55,2209727892.0,1510.0,1215.0,-0.8188979311890946,0.6495706717158897,-0.0226415094339622,0.0077821011673151,1285.0,0.4713491064770964,1522.4356049232142,1364.75,1207.0643950767858,0.278832062590732,0.2310835023604531,46.34146341463415,31.351626016260223,1262.0,1302.5,190788997.0,191867658.4,-70.3125,-74.1233910341766,37.03074779218425,1353.0,1208.5,95356.7506666666,1.0,0.0228153288916286,-192223.0,0.0,10000.0,2.0,-11033.0,0.0,-0.0454568383255908,0.0,0.0,0.3731,0.2182,0.0,8.29,-0.45,0,False,0,False,False,True,True,0.5911090452512445,False,False,False,False,True,True,False,False,False,False,True,False,False,False,False,False,False,False,0.0,0.0,16.602316602316602,0.0,-0.1221899856111785,False,True,False,False,True,False,False,-1,False,5,True,False,369.4448106251783,9.6,3,False,3,False,True,False,True,"ema60_gt_ema120, market_above_ma60, avoid_chase, liquidity_ok, invest_trust_buy_2d",open_high_close_low,close_below_ema20
2026-07-01,30.6,31.05,29.15,29.15,1693470,50607335,8215,明基材,,0.2328985202447775,0.4405455712681155,-0.207647051023338,29.591619716502983,27.95756777243259,25.970572980229967,49.09041104136544,23.92634764054577,1.8210469517749983,4226651.5,129375521.35,32.6,28.15,-0.0603427729347185,0.3293058668070891,-0.0363636363636363,-0.0395387149917628,30.35,0.4584924509075834,32.31495526799363,29.8,27.28504473200637,0.3707730494708647,0.1687889441606463,20.792079207920747,27.06270627062683,29.21999999999989,30.084999999999944,23199646.0,17989283.5,-72.0720720720721,-9.603573422668964,61.49160590447113,28.0,25.35,95356.7506666666,1.0,0.0228153288916286,-216793.0,0.0,0.0,0.0,-2807.0,0.0,-0.059178965255265,0.0,0.0,0.1596,-0.026,0.0,2.19,0.05,0,False,0,False,False,True,True,0.4006646869277015,False,False,True,False,True,True,False,False,False,True,False,False,False,False,False,False,True,False,10.0,0.0,11.835334476843922,0.0,0.3865368162169986,False,False,True,False,False,False,False,-1,False,8,False,False,578.645088663881,9.4,3,False,3,False,True,False,True,"ema60_gt_ema120, market_above_ma60, avoid_chase, liquidity_ok, adx_trending, obv_uptrend, mfi_strong, above_ichimoku_cloud",,close_below_ema20
2026-07-01,47.25,50.3,46.7,48.05,798595,38584301,8249,菱光,,-1.1983370111319616,-0.6420024238024988,-0.5563345873294627,50.292293280727584,51.34072830900752,52.03725191546652,40.74369144864785,17.611639149089026,2.0338599238988726,794273.65,41296139.3,55.7,46.5,-0.6376984103471363,0.0774951019665284,-0.0361083249749248,0.0180084745762709,47.2,0.4160013510739867,55.8439233881344,50.90999999999995,45.97607661186549,0.210169800479884,0.1938292432973662,25.8503401360544,13.716962194714142,47.70999999999985,49.71000000000004,69933619.0,70994450.1,-79.23497267759564,-88.9659156556904,59.39426218234638,52.025,51.775,95356.7506666666,1.0,0.0228153288916286,-28000.0,0.0,0.0,0.0,937.0,1.0,-0.0589236538665535,0.0,0.0,-0.1389,-0.3519,0.0,0.95,0.1,0,False,0,False,False,False,False,1.0054406311980764,False,False,False,False,True,False,False,False,False,False,False,False,False,False,False,False,True,False,10.0,0.0,15.92091571279918,0.0,-0.1339307542926541,False,False,False,True,False,False,False,-1,False,3,True,False,148.4472372604689,6.5,3,False,3,False,True,False,True,"market_above_ma60, avoid_chase, mfi_strong",long_upper_shadow,close_below_ema20
2026-07-01,193.0,193.0,180.0,180.0,2905759,534466256,8271,宇瞻,,-8.507557925033893,-5.726662483587895,-2.780895441445998,206.70657279037587,203.6367519887604,178.6637702081186,32.214426019976514,17.880483295884524,11.581486715994366,3191018.8,685290036.5,257.5,193.5,-0.9716512489974408,0.2640715782160928,-0.1154791154791154,-0.0745501285347043,194.5,0.5001076037833055,240.2709585367126,208.725,177.17904146328738,0.0447118849381235,0.3022729288462102,0.0,4.974561899378386,194.1,201.45,710579830.0,714683614.45,-100.0,-155.361270224098,47.64725556572503,231.0,197.75,95356.7506666666,1.0,0.0228153288916286,-528950.0,0.0,45000.0,1.0,-166025.0,0.0,-0.1382944443707441,0.0,0.0,2.2443,-0.1917,0.0,7.67,-1.4,0,False,0,False,False,False,True,0.9106054154240646,False,False,False,False,True,True,False,False,False,False,False,False,False,False,False,False,False,False,20.0,25.0,43.05555555555556,0.0,-0.3383912488099121,False,False,False,False,False,False,False,-1,False,4,False,False,285.04535916852166,9.7,3,False,3,False,True,True,True,"ema60_gt_ema120, market_above_ma60, avoid_chase, liquidity_ok",,"close_below_ema20, close_below_swing_low"
2026-07-01,297.5,297.5,291.5,297.5,12471334,3702568039,8261,富鼎,,30.95001648186601,23.627593965634876,7.322422516231143,220.922493233442,172.52528492446783,143.48029797974547,77.709735642033,47.48992208653205,19.00065463031377,11833314.2,2608203989.65,270.5,178.0,3.274105729790099,1.4741340005909351,0.2068965517241379,0.0998151571164509,270.5,0.6192005278669652,295.2719634665491,207.9,120.52803653345092,1.0127502945169815,0.8405191290673313,100.0,85.81395348837214,262.7,246.7,210938805.0,182446851.4,-0.0,144.06152132118672,68.31896820901471,147.75,136.0,95356.7506666666,1.0,0.0228153288916286,1980000.0,1.0,0.0,0.0,-56678.0,0.0,0.1840812228325092,0.0,0.0,0.0115,0.0455,0.0,6.63,-1.25,0,False,0,False,False,True,True,1.053917253376066,False,True,True,True,False,True,False,True,False,True,False,False,False,False,False,False,True,True,-20.0,-25.0,-9.07563025210084,25.0,0.6723570608776892,False,False,True,False,False,False,False,-1,False,10,False,False,768.6074572642929,40.7,10,True,3,False,False,False,False,"ema60_gt_ema120, rsi_strong, breakout_20d, market_above_ma60, liquidity_ok, adx_trending, stronger_than_market, obv_uptrend, mfi_strong, above_ichimoku_cloud",,
2026-07-01,76.0,76.1,75.1,75.8,199072,15044830,8341,日友,,-0.1626586727353469,0.4473608152920787,-0.6100194880274257,77.94580126819399,77.46011290867894,77.5079832137468,37.06386346771427,23.183255326208823,1.325513821269055,395940.6,31391943.8,81.3,75.5,-0.1984483655012576,0.0899651932117449,-0.0319284802043422,-0.0013175230566535,75.9,0.4872979521507792,82.42290709869168,78.92999999999975,75.43709290130782,0.0519491484368539,0.0885064512528047,20.96774193548381,19.64433416046268,76.77999999999956,78.01999999999934,3517792.0,4735751.15,-83.75000000000003,-144.04761904761855,24.79253999958705,76.225,76.15,95356.7506666666,1.0,0.0228153288916286,13000.0,3.0,0.0,0.0,-3000.0,0.0,-0.0547438090959708,0.0,0.0,0.3534,0.0393,0.0,4.52,-0.07,0,False,0,False,False,False,False,0.5027824880802828,False,False,True,False,True,False,True,False,False,False,False,False,False,False,False,False,False,False,10.0,25.0,7.255936675461741,0.0,-1.033408439568242,True,False,False,False,False,False,False,-1,False,4,False,False,352.6269236059839,2.6,5,False,3,False,True,False,True,"market_above_ma60, avoid_chase, foreign_buy_3d, adx_trending",,close_below_ema20
2026-07-01,28.25,28.25,26.95,27.0,20389390,556365650,8422,可寧衛*,,-0.041448857335137,0.1250723341937018,-0.1665211915288389,28.11700003555835,29.821050739323567,43.69504716231262,41.56850278859179,13.592354757506662,0.9861231856934496,17779584.6,517731682.15,30.25,27.65,-0.1297831729802315,-0.063317497665109,-0.0575916230366492,-0.032258064516129,27.9,0.4785949032091668,29.9817594548534,28.425,26.8682405451466,0.0423185015651008,0.1095345262869585,2.040816326530642,22.208049886621662,27.81000000000058,28.22000000000044,953265285.0,970975091.7,-98.55072463768114,-115.51069703243566,24.040027313038024,27.4125,28.625,95356.7506666666,1.0,0.0228153288916286,-3143900.0,0.0,2150000.0,2.0,-67425.0,0.0,-0.0804069519282778,0.0,0.0,1.9961,2.2759,0.0,4.6,0.02,0,False,0,False,False,False,False,1.1467866352738072,False,False,False,False,True,True,False,False,False,False,True,False,False,False,False,False,False,False,20.0,25.0,12.037037037037036,0.0,-0.5538862670194832,False,True,False,False,False,False,False,-1,False,4,False,False,354.82123114850424,8.4,3,False,3,False,True,True,True,"market_above_ma60, avoid_chase, liquidity_ok, invest_trust_buy_2d",,"close_below_ema20, close_below_swing_low"
2026-07-01,104.0,104.0,98.0,101.5,963303,97124088,8438,昶昕,,2.937546333661899,1.56192322907944,1.3756231045824592,91.73628319734352,85.69758682324505,75.09284555948908,63.599359264573614,25.10476313360677,5.852389782193966,832832.7,77007360.75,101.0,81.5,1.0792510883495154,0.0806353558959957,0.0453141091658084,0.0561914672216441,96.1,0.2952465120376523,103.18607188725476,88.86500000000015,74.54392811274553,0.9411331812126672,0.3223107384741933,84.93975903614458,74.48072447663314,96.14000000000014,95.16000000000022,54161325.0,53985132.55,-9.15750915750916,131.9682656956389,85.07859208042234,97.025,85.2,95356.7506666666,1.0,0.0228153288916286,102000.0,1.0,0.0,0.0,9389.0,1.0,0.0224987802741798,0.0,0.0,0.4977,0.0226,0.0,3.42,-0.3,0,False,0,False,False,True,True,1.1566584741449273,False,True,True,True,True,True,False,True,False,True,False,False,False,False,False,False,True,True,-20.0,-25.0,-0.4926108374384236,25.0,0.0678975219453188,False,False,True,False,True,False,False,-1,False,11,True,False,842.381355004793,22.7,3,True,3,False,False,False,False,"ema60_gt_ema120, rsi_strong, breakout_20d, market_above_ma60, avoid_chase, liquidity_ok, adx_trending, stronger_than_market, obv_uptrend, mfi_strong, above_ichimoku_cloud",open_high_close_low,
2026-07-01,50.8,50.8,48.5,48.6,1445537,71320297,8473,山林水,,1.1666493168472414,1.950892271246473,-0.7842429543992315,49.27929799010976,44.90487526850092,41.813214869407695,50.54018799760441,25.575066139248477,2.2521082535627195,2924922.05,154417310.2,56.0,48.1,-0.5608570000171094,0.8007958572501361,-0.0357142857142857,-0.0357142857142857,50.4,0.2767064489077715,54.96711429892921,51.134999999999856,47.3028857010705,0.169242642278689,0.1498822449957706,11.904761904761918,26.984126984126608,49.08000000000029,49.76999999999989,55029723.0,60020992.35,-92.53731343283582,-86.67598666523257,55.447779445408365,37.925,37.925,95356.7506666666,1.0,0.0228153288916286,-486651.0,0.0,0.0,0.0,-1000.0,0.0,-0.0585296146059143,0.0,0.0,0.0266,-0.0304,0.0,3.87,-0.26,0,False,0,False,False,True,True,0.4942138543486997,False,False,True,False,True,True,False,False,False,False,False,False,False,False,False,False,True,False,20.0,12.0,15.226337448559669,0.0,-0.2986187939026133,False,False,True,False,False,False,False,-1,False,7,False,False,513.3587130166557,7.0,3,False,3,False,True,False,True,"ema60_gt_ema120, market_above_ma60, avoid_chase, liquidity_ok, adx_trending, mfi_strong, above_ichimoku_cloud",,close_below_ema20
2026-07-01,24.95,24.95,24.3,24.75,1497234,36875303,8476,台境*,,2.0527357442074567,1.6177056124190894,0.4350301317883673,21.419755592842485,19.23964922014557,18.93162705344792,90.44881082790404,63.02425696907693,0.9293554033244265,2009953.6,43429211.4,24.75,19.8,2.5594871532622143,0.3181191658998014,0.053191489361702,0.0,24.75,1.3926316926931115,26.74543344813844,20.66749999999997,14.589566551861504,0.8358460597532872,0.5881633916185774,93.93939393939392,94.56742922475011,24.35,23.26500000000005,61001681.0,43771275.25,-4.68750000000001,101.83772790005096,84.85613936551246,16.6375,18.05,95356.7506666666,1.0,0.0228153288916286,158587.0,1.0,0.0,0.0,1000.0,1.0,0.0303761604700734,0.0,0.0,-0.5388,-0.2862,0.0,1.73,-0.16,0,False,0,False,False,True,True,0.7449097332396131,False,True,True,False,False,False,False,True,False,True,False,False,False,False,False,False,True,True,-20.0,-12.0,0.0,25.0,1.8132700401542468,False,False,True,False,False,False,False,-1,False,8,False,False,517.2083378142471,17.7,8,True,3,False,False,False,False,"ema60_gt_ema120, rsi_strong, market_above_ma60, adx_trending, stronger_than_market, obv_uptrend, mfi_strong, above_ichimoku_cloud",,
2026-07-01,312.0,312.0,300.5,300.5,45760,13936882,8499,鼎炫-KY,,4.261981957186663,4.119519427417902,0.1424625297687605,301.2856676956385,292.8103211591628,287.7461341131615,50.59165614979263,16.969167611722153,14.606470944169375,88532.55,26477719.15,324.0,300.0,0.4896780104277685,0.2594461496077951,-0.0147540983606557,-0.0368589743589743,312.0,0.3200644836451023,323.5818508687433,297.35,271.1181491312568,0.5600415124300928,0.1764375373717387,20.98765432098765,38.35875090777032,305.4,307.55,8461413.0,8369535.65,-47.407407407407405,44.778149568813184,81.27040687559537,297.5,288.75,95356.7506666666,1.0,0.0228153288916286,-14000.0,0.0,0.0,0.0,964.0,1.0,-0.0375694272522844,0.0,0.0,0.8565,-0.0031,0.0,72.14,0.05,0,False,0,False,False,True,True,0.516872043107309,False,False,False,False,True,False,False,False,False,True,False,False,False,False,False,False,True,False,10.0,0.0,7.820299500831947,0.0,0.1266479323312824,False,False,True,False,False,False,False,-1,False,6,False,False,431.68849561904847,9.2,3,False,3,False,True,False,True,"ema60_gt_ema120, market_above_ma60, avoid_chase, obv_uptrend, mfi_strong, above_ichimoku_cloud",,close_below_ema20
2026-07-01,12.4,12.5,12.4,12.45,1046280,11774783,9912,偉聯,,-0.0137709870095559,0.001760189233718,-0.0155311762432739,12.49941667433828,12.459248006492254,12.333664869035674,47.01410793576691,31.674307552655392,0.251418836916578,134962.8,1675348.85,12.65,12.4,-0.0418595121025413,-0.0111411550406206,0.0,0.004032258064516,12.4,0.2300713760947423,12.646898553065146,12.522500000000012,12.39810144693488,0.2085978967856063,0.0198680060794781,45.4545454545454,40.60606060606066,12.449999999999909,12.509999999999945,1255299.0,-12521.75,-54.54545454545461,-51.54203633291249,51.064410103180414,12.3875,12.425,95356.7506666666,1.0,0.0228153288916286,1000.0,1.0,0.0,0.0,3000.0,1.0,-0.0228153288916286,0.0,0.0,-0.1014,-0.0968,0.0,15.94,-0.01,0,False,0,False,False,False,True,7.752358427655621,True,False,True,False,True,False,False,False,True,True,False,False,False,False,False,False,True,False,0.0,0.0,1.6064257028112534,15.0,2.0,False,False,True,False,False,False,False,-1,False,9,False,False,674.0,47.1,10,False,3,False,True,False,True,"ema60_gt_ema120, volume_break, market_above_ma60, avoid_chase, adx_trending, kd_golden_cross, obv_uptrend, mfi_strong, above_ichimoku_cloud",,close_below_ema20
2026-07-01,66.5,66.5,65.8,65.9,112559,7420994,9930,中聯資源,,-0.7325719974632676,-0.3449861275584592,-0.3875858699048083,68.07920085618147,69.00121595065261,69.68254374008326,28.873305636321376,25.660500344841797,0.8318075078698357,128429.9,8808397.4,70.1,66.3,-0.2608027087619832,-0.0736317233707701,-0.016417910447761,-0.0060331825037706,66.3,0.5223726093041829,71.52860601317876,68.61499999999997,65.70139398682117,0.0340825101747627,0.0849262118539326,2.2222222222224115,8.316498316498231,66.3800000000003,67.87000000000008,-6217580.0,-5970738.45,-97.7777777777776,-130.1636788776305,54.25906906684519,68.8,69.35,95356.7506666666,1.0,0.0228153288916286,20000.0,1.0,0.0,0.0,266.0,1.0,-0.0392332393393897,0.0,0.0,-0.0555,0.0459,0.0,1.81,-0.12,0,False,0,False,False,False,False,0.8764236365519245,False,False,True,False,True,False,False,False,False,False,False,False,False,False,False,False,True,False,20.0,25.0,6.373292867981773,0.0,-0.5296654749831641,False,False,False,False,False,False,False,-1,False,4,False,False,307.4082506657213,3.5,5,False,3,False,True,True,True,"market_above_ma60, avoid_chase, adx_trending, mfi_strong",,"close_below_ema20, close_below_swing_low"
2026-07-01,26.8,26.8,26.2,26.3,164372,4333422,9955,佳龍,,-0.5904954723747338,-0.5875999824182467,-0.002895489956487,27.081526226890052,28.649041169022457,29.78582493979692,38.49520989780745,23.91787006318023,0.7186292416943201,314315.35,8613244.5,29.05,26.15,-0.4025755686580352,-0.3019122482018184,-0.0204841713221601,-0.0037878787878786,26.4,0.5021431173685375,28.78248277172935,27.15,25.51751722827065,0.2396603459711979,0.1202565577701178,12.00000000000017,16.727272727272673,26.40999999999985,26.71000000000004,79479175.0,80369390.65,-90.56603773584904,-84.8323339995558,30.443619149851585,29.387500000000003,31.675,95356.7506666666,1.0,0.0228153288916286,-18000.0,0.0,0.0,0.0,0.0,0.0,-0.0432995002137888,0.0,0.0,-0.0369,-0.0805,0.0,3.92,-0.09,0,False,0,False,False,False,False,0.5229525061375463,False,False,True,False,True,False,False,False,False,False,False,False,False,False,False,False,False,False,20.0,0.0,10.456273764258556,0.0,-0.428608869298094,False,False,False,False,False,False,False,-1,False,3,False,False,195.08621862979837,5.1,5,False,3,False,True,False,True,"market_above_ma60, avoid_chase, adx_trending",,close_below_ema20
2026-07-01,64.2,64.2,61.9,61.9,269937,16882332,8048,德勝,,0.0295888416855092,0.4500517475890384,-0.4204629059035292,63.61124926262738,62.37458917237922,59.83751176278099,46.03532461612307,15.531800979034104,2.970304470516227,499534.85,32357802.3,67.4,61.1,-0.0216924141103455,0.1073772752782455,-0.0476923076923077,-0.0297805642633228,63.8,0.4140402402509173,68.15872404508717,64.03499999999985,59.91127595491255,0.2411320475550085,0.128795941128674,9.75609756097558,17.479674796747833,62.41999999999971,64.08999999999978,53128145.0,53359192.95,-89.7727272727273,-59.44600062247104,48.8562949883675,65.55000000000001,64.15,95356.7506666666,1.0,0.0228153288916286,-123000.0,0.0,0.0,0.0,-1611.0,0.0,-0.0705076365839363,0.0,0.0,0.7303,0.0332,0.0,0.0,0.0,0,False,0,False,False,False,True,0.5403767124555975,False,False,False,False,True,False,False,False,False,False,False,False,False,False,False,False,False,False,20.0,0.0,8.885298869143792,0.0,-0.0741963668565305,False,False,False,False,False,False,False,-1,False,3,False,False,214.5134107222776,7.2,3,False,3,False,True,False,True,"ema60_gt_ema120, market_above_ma60, avoid_chase",,close_below_ema20
2026-07-01,27.5,27.5,27.1,27.1,155938,4253568,8049,晶采,,0.2789483354573399,0.3301036721872405,-0.0511553367299006,27.23228060731295,26.60110548436244,26.330104262012256,50.17795571554093,27.160013692998746,0.6814661463347341,436470.7,12003822.1,28.1,27.25,0.1730371915376949,0.1756691239957999,-0.0073260073260073,-0.0109489051094889,27.4,0.6168700906424749,28.438053997157777,27.224999999999955,26.011946002842134,0.4484771492889731,0.0891132412971771,10.810810810810956,23.723723723724103,27.5,27.53000000000002,116037.0,-545227.35,-67.14285714285708,-3.4188034188032272,70.58920690424155,26.325,26.1,95356.7506666666,1.0,0.0228153288916286,-22000.0,0.0,0.0,0.0,609.0,1.0,-0.0301413362176359,0.0,0.0,0.0895,-0.1553,0.0,0.0,0.0,0,False,0,False,False,True,True,0.3572702589200145,False,False,True,False,True,False,False,False,False,True,False,False,False,False,False,False,True,False,20.0,0.0,3.690036900369003,0.0,0.3833162354800344,False,False,True,False,False,False,False,-1,False,7,False,False,523.1724974149606,6.8,5,False,3,False,True,True,True,"ema60_gt_ema120, market_above_ma60, avoid_chase, adx_trending, obv_uptrend, mfi_strong, above_ichimoku_cloud",,"close_below_ema20, close_below_swing_low"
2026-07-01,52.7,53.3,52.1,52.2,447974,23521234,8050,廣積,,-0.0794759308046835,0.8323379849708277,-0.9118139157755112,54.253605928123065,51.10351174104044,48.81105382249413,44.05241971908021,28.575237434009164,2.114520815181033,1097955.85,61873326.7,60.0,51.5,-0.5689439666520524,0.6901312479890138,-0.0526315789473683,-0.0019120458891012,52.3,0.4675725361014795,60.11547603627643,55.52000000000008,50.92452396372372,0.1387751808743829,0.165543084880272,15.789473684210618,11.608623548921363,52.42000000000007,53.94000000000015,-3458861.0,243950.1,-89.53488372093017,-110.82359239760856,36.7045761601629,50.1625,47.825,95356.7506666666,1.0,0.0228153288916286,29044.0,4.0,-86709.0,0.0,-99.0,0.0,-0.0754469078389969,0.0,0.0,0.0405,-0.0064,0.0,0.0,0.0,0,False,0,False,False,True,True,0.4080072982898173,False,False,True,False,True,True,True,False,False,False,False,False,False,False,False,False,False,False,20.0,12.0,14.942528735632177,0.0,-0.7025611459099259,True,False,True,False,False,False,False,-1,False,7,False,False,547.6493392319791,6.1,3,False,3,False,True,False,True,"ema60_gt_ema120, market_above_ma60, avoid_chase, liquidity_ok, foreign_buy_3d, adx_trending, above_ichimoku_cloud",,close_below_ema20
2026-07-01,121.0,124.0,118.0,118.5,3614673,435682054,8054,安國,,4.648450226448901,3.3783525125945784,1.2700977138543226,113.15166289819167,109.23703974014428,110.50821028970223,56.4447474854156,24.14426572500701,7.304083790354837,4656979.9,561976937.65,136.5,99.5,1.3442590081730232,0.1725902383752161,-0.1318681318681318,-0.0042016806722688,119.0,0.7150016002960378,132.80253099836978,109.51499999999996,86.22746900163014,0.69291439699273,0.4252847737455111,48.18652849740932,45.78509808016073,121.1,118.30999999999986,281082051.0,277195439.8,-48.19277108433735,70.39337474120097,79.7932842009057,111.975,110.0,95356.7506666666,1.0,0.0228153288916286,-299940.0,0.0,0.0,0.0,1037.0,2.0,-0.1546834607597604,0.0,0.0,3.825,2.0005,0.0,0.0,0.0,0,False,0,False,False,True,False,0.7761839384361525,False,True,True,False,True,True,False,False,False,True,False,False,False,False,False,False,True,True,0.0,0.0,15.18987341772152,0.0,0.4177845198814109,False,False,True,False,False,False,False,-1,False,8,False,False,587.7752536229385,9.2,3,True,3,False,False,False,False,"rsi_strong, market_above_ma60, avoid_chase, liquidity_ok, adx_trending, obv_uptrend, mfi_strong, above_ichimoku_cloud",,
2026-07-01,16.95,16.95,16.15,16.3,388362,6325239,8059,凱碩,,-0.791539279864196,-0.6929208246508501,-0.0986184552133458,17.519714019859304,18.64959870251462,19.69994172501683,32.295864954168565,21.528305954680043,0.7360984199239714,444815.35,8206122.7,21.0,16.3,-1.1726217063839195,-0.2700748703039432,-0.0355029585798815,-0.0210210210210208,16.65,0.2870530852966192,20.44060523088693,17.822499999999945,15.204394769112955,0.209236286219837,0.2937977535011359,10.344827586207025,16.01441342820605,16.509999999999856,16.789999999999964,-9112535.0,-7059517.75,-93.18181818181807,-91.54929577464787,12.475807514273695,20.5,20.775,95356.7506666666,1.0,0.0228153288916286,141000.0,1.0,0.0,0.0,124.0,1.0,-0.0583182874715101,0.0,0.0,-0.2579,-0.3163,0.0,0.0,0.0,0,False,0,False,False,False,False,0.873085877094844,False,False,True,False,True,False,False,False,False,False,False,False,False,False,False,False,False,False,20.0,0.0,28.83435582822085,0.0,-0.9843946582231474,False,False,False,False,False,False,False,-1,False,3,False,False,161.91812287227066,6.8,3,False,3,False,True,False,True,"market_above_ma60, avoid_chase, adx_trending",,close_below_ema20
2026-07-01,148.0,160.0,148.0,148.0,13628868,2088314708,8064,東捷,,3.327254108948722,5.698116510961942,-2.37086240201322,144.658739321834,123.81460763844672,99.87270573370688,53.491736348311605,27.25936718831002,12.584427414601986,13091900.35,2057080526.35,172.5,133.0,-0.5471101236584136,1.4113114586427944,-0.0263157894736841,0.0136986301369863,146.0,0.3687859053171408,173.28731550939244,149.15,125.01268449060755,0.476177963958906,0.3236649749834721,41.25,27.08333333333333,141.1,148.9,223206460.0,209009874.0,-56.62650602409639,10.108303249097718,68.75098662855532,119.875,97.25,95356.7506666666,1.0,0.0228153288916286,-689970.0,0.0,13000.0,1.0,5985.0,2.0,-0.0491311183653128,0.0,0.0,-0.175,-0.1941,0.0,0.0,0.0,0,False,0,False,False,True,True,1.0410152564291402,False,False,True,False,True,True,False,False,False,True,False,False,False,False,False,False,True,False,0.0,0.0,16.554054054054053,0.0,0.5056537506657124,False,False,True,False,False,False,False,-1,False,8,False,False,521.47799757228,13.7,3,False,3,False,False,False,False,"ema60_gt_ema120, market_above_ma60, avoid_chase, liquidity_ok, adx_trending, obv_uptrend, mfi_strong, above_ichimoku_cloud",,
2026-07-01,13.6,13.6,12.85,12.9,8470,111163,8067,志旭,,0.307889007050063,0.3520175197671971,-0.044128512717134,13.038463885759732,12.4114045446615,12.339793689248136,50.114339085316345,7.577162018028474,1.271583151696401,22965.2,306539.45,14.5,12.25,0.0823671746331004,,-0.0300751879699248,-0.0190114068441065,13.15,1.8150867999263889,14.333516169045025,13.127500000000031,11.92148383095504,0.4056811982130465,0.1837388945412284,25.0,50.02363395727056,13.510000000000035,13.195000000000071,523098.0,533303.7,-69.7674418604651,-1.825055403467613,55.29371551387213,7.475,7.875,95356.7506666666,1.0,0.0228153288916286,1000.0,1.0,0.0,0.0,0.0,0.0,-0.0528905168615534,0.0,0.0,-0.1569,-0.0865,0.0,0.0,0.0,0,False,0,False,False,True,True,0.3688189086095483,False,False,False,False,True,False,False,False,False,False,False,False,False,False,False,False,True,True,10.0,0.0,12.403100775193796,0.0,-0.249023485168514,False,False,True,False,True,True,False,-1,False,5,True,False,295.6999072640733,14.8,3,True,3,True,True,False,True,"ema60_gt_ema120, market_above_ma60, avoid_chase, mfi_strong, above_ichimoku_cloud","open_high_close_low, gap_chase_after_blowout","macd_death_cross, close_below_ema20"
2026-07-01,18.9,19.15,18.6,18.75,104480,1967663,8068,全達,,-0.5271038203065999,-0.5789964160155373,0.0518925957089374,19.246346325790206,20.526401580161345,21.194993220417157,42.35607144299471,19.47736713088327,0.760040467172391,303717.5,5858986.15,20.5,18.3,-0.3073737524309695,-0.4132104529488983,-0.0183246073298429,-0.0105540897097624,18.95,0.3657327011830161,20.35969590748894,19.157500000000077,17.955304092511206,0.3305184714647488,0.1255065543509187,23.91304347826089,20.28985507246337,18.63000000000011,19.00500000000011,6892199.0,6882507.8,-67.30769230769226,-57.449494949495005,58.33885057669311,22.2375,22.875,95356.7506666666,1.0,0.0228153288916286,-18000.0,0.0,0.0,0.0,0.0,0.0,-0.0411399362214716,0.0,0.0,0.3515,0.0086,0.0,0.0,0.0,0,False,0,False,False,False,False,0.3440038851893618,False,False,False,False,True,False,False,False,False,True,False,False,False,False,False,False,True,False,10.0,0.0,9.333333333333334,0.0,0.0071643132490669,False,False,False,False,False,False,False,-1,False,4,False,False,288.52601061088245,7.4,3,False,3,False,True,False,True,"market_above_ma60, avoid_chase, obv_uptrend, mfi_strong",,close_below_ema20
2026-07-01,214.5,221.0,204.0,204.0,14245184,3011679485,8069,元太,,1.0523286661106963,0.9542307870566302,0.0980978790540663,203.7034528348844,193.5938199079202,189.04137169052584,50.92265608078296,20.091274472574245,12.866439871386367,9052832.8,1868137475.15,227.5,194.5,-0.138478212646912,0.7741346016349049,0.0381679389312976,-0.0489510489510489,214.5,3.1522799339060747,221.43888562091425,202.55,183.6611143790858,0.5383823595817245,0.1865108429613844,30.8641975308642,62.8985076106898,204.9,202.25,2670317.0,20098293.3,-57.142857142857146,47.37397730271854,61.08742394137192,202.875,185.5,95356.7506666666,1.0,0.0228153288916286,-3113235.0,0.0,1432000.0,4.0,-114090.0,0.0,0.015352610039669,0.0,0.0,0.0097,0.1332,0.0,0.0,0.0,0,False,0,False,False,True,True,1.5735609300107696,True,False,True,False,True,True,False,True,False,False,True,False,False,False,False,False,True,True,0.0,0.0,11.519607843137257,0.0,-0.2020079276389024,False,True,True,False,False,False,False,-1,False,10,False,False,783.3115141684409,30.7,3,False,3,False,False,False,False,"ema60_gt_ema120, volume_break, market_above_ma60, avoid_chase, liquidity_ok, adx_trending, stronger_than_market, invest_trust_buy_2d, mfi_strong, above_ichimoku_cloud",,
2026-07-01,32.0,33.15,30.2,31.1,7980114,251585844,8071,能率網通,,2.637788158072862,2.4584661082738832,0.1793220497989787,27.011200594573367,22.510653371618357,20.356341891955392,66.24768442635988,44.98068579461272,2.092017635696525,6384819.75,178604279.6,31.1,27.0,2.1893934110552835,1.2107657754245411,0.1107142857142857,0.0,31.1,0.6037799956229774,33.792230738069875,26.457500000000078,19.12276926193027,0.8164737851863968,0.5544538023675541,70.42253521126759,57.276995305164746,30.23000000000029,29.360000000000127,107198667.0,100731734.15,-20.000000000000007,105.04691770686446,85.04392137366403,18.875,18.575,95356.7506666666,1.0,0.0228153288916286,-127229.0,0.0,0.0,0.0,-14776.0,0.0,0.0878989568226571,0.0,0.0,0.4376,0.0631,0.0,0.0,0.0,0,False,0,False,False,True,True,1.2498573667643476,False,True,True,False,False,True,False,True,False,True,False,False,False,False,False,True,True,True,-10.0,-12.0,0.0,25.0,0.3444946887049289,False,False,True,False,True,False,False,-1,False,10,True,False,829.6325099321026,35.8,10,False,3,False,False,False,False,"ema60_gt_ema120, rsi_strong, market_above_ma60, liquidity_ok, adx_trending, stronger_than_market, obv_uptrend, cci_momentum, mfi_strong, above_ichimoku_cloud",open_high_close_low,
2026-07-01,70.8,72.9,67.1,67.2,1184650,82091310,8074,鉅橡,,-1.6871435958283314,-1.1590364448535029,-0.5281071509748285,71.72023261474264,71.4860040317661,65.23541117590582,42.39584730798288,10.917719070894917,4.625515006808897,1978077.25,144951653.7,77.7,65.8,-0.299968969362631,0.0038286490200561,-0.0535211267605633,-0.0440967283072545,70.3,0.6101398188984638,78.04534804127452,71.76000000000003,65.47465195872554,0.1372515913155866,0.175176924227271,16.29629629629632,27.90123456790085,68.19999999999963,71.14999999999982,227726536.0,230042148.0,-83.70370370370368,-85.4079254079249,50.96721563559283,79.92500000000001,74.5,95356.7506666666,1.0,0.0228153288916286,-236680.0,0.0,0.0,0.0,-26417.0,0.0,-0.0763364556521919,0.0,0.0,0.2308,-0.0902,0.0,0.0,0.0,0,False,0,False,False,False,True,0.5988896540820132,False,False,False,False,True,True,False,False,False,False,False,False,False,False,False,False,True,False,20.0,12.0,15.625,0.0,-0.1418842653388379,False,False,False,False,False,False,False,-1,False,5,False,False,356.2862853567541,10.3,3,False,3,False,True,False,True,"ema60_gt_ema120, market_above_ma60, avoid_chase, liquidity_ok, mfi_strong",,close_below_ema20
2026-07-01,24.75,25.2,24.35,24.85,714772,17734984,8076,伍豐,,-0.0952509661477094,0.1826394651638752,-0.2778904313115847,25.286143960615554,24.80933468692093,24.49165415250936,46.44865361847464,15.49411229519926,0.9206171912372428,2970147.45,80967243.5,28.6,24.2,-0.7811115087780836,0.2452764314303698,-0.0177865612648221,0.0122199592668024,24.55,0.1868282506684978,28.6235476850992,26.117500000000017,23.611452314900838,0.2471117553874775,0.1919056330122854,34.883720930232585,20.903501737503277,24.620000000000072,25.08000000000002,17320973.0,18680733.0,-80.26315789473682,-87.00176917473205,29.657721456353457,23.9875,24.825000000000003,95356.7506666666,1.0,0.0228153288916286,49272.0,2.0,0.0,0.0,-160.0,0.0,-0.0406018901564507,0.0,0.0,0.404,0.0744,0.0,0.0,0.0,0,False,0,False,False,True,True,0.2406520255416949,False,False,False,False,True,True,False,False,False,False,False,False,False,False,False,False,False,False,0.0,0.0,15.090543259557345,0.0,-0.1536488548865494,True,False,True,True,False,False,False,-1,False,5,True,False,350.5627339967783,7.0,3,False,3,False,True,False,True,"ema60_gt_ema120, market_above_ma60, avoid_chase, liquidity_ok, above_ichimoku_cloud",long_upper_shadow,close_below_ema20
2026-07-01,27.75,28.1,27.75,27.75,32365,898961,8080,永利聯合,,-0.0708196395064391,-0.0465220332924024,-0.0242976062140366,28.063355743969748,28.513785569700183,28.94384606520612,46.21683781788526,47.06382694423503,0.6937264174161789,35793.6,1002706.95,28.9,27.75,-0.0241308584754323,-0.0690921581265799,-0.0089285714285713,0.0,27.75,0.686069915908277,28.71026014883753,28.097499999999947,27.48473985116236,0.2164469648857239,0.0436167024708666,32.432432432432485,32.4324324324316,28.029999999999927,28.06999999999989,1038663.0,1024264.0,-73.91304347826082,-86.01134215501246,46.65286763997421,28.4,29.575,95356.7506666666,1.0,0.0228153288916286,-1000.0,0.0,0.0,0.0,0.0,0.0,-0.0317439003202,0.0,0.0,-0.6293,-0.0921,0.0,0.0,0.0,0,False,0,False,False,False,False,0.9042119261543964,False,False,True,False,True,False,False,False,True,True,False,False,False,False,False,False,False,False,0.0,0.0,4.144144144144139,0.0,0.0401409264627545,False,False,False,False,False,False,False,-1,False,5,False,False,339.52381037909703,6.5,10,False,3,False,True,False,True,"market_above_ma60, avoid_chase, adx_trending, kd_golden_cross, obv_uptrend",,close_below_ema20
2026-07-01,48.9,49.5,48.0,49.05,90794,4423813,8084,巨虹,,0.7911670989318793,0.8149731659937979,-0.0238060670619185,48.24310629087499,47.54529776434857,47.96688306538258,54.83645756675395,18.402809809616123,2.1405213744612714,140675.2,6847981.25,51.9,45.6,0.1017460909567482,0.1214612840503682,-0.0457198443579767,0.0061538461538461,48.75,0.4538547012479314,51.96481864361903,48.43249999999989,44.90018135638076,0.587407176744314,0.1458656333502975,51.923076923076906,51.03550295857955,48.939999999999785,49.07999999999993,374641.0,205687.9,-44.378698224852094,22.95694619227391,55.20777386278572,43.9375,46.65,95356.7506666666,1.0,0.0228153288916286,30000.0,1.0,0.0,0.0,0.0,0.0,-0.0685351732496053,0.0,0.0,-0.0175,0.3837,0.0,0.0,0.0,0,False,0,False,False,True,False,0.6454158231159436,False,False,False,False,True,False,False,False,False,True,False,False,False,False,False,False,True,False,0.0,0.0,5.810397553516824,0.0,0.7284951366108632,False,False,True,True,False,False,False,-1,False,5,True,False,330.19609987048983,6.5,3,False,3,True,False,False,True,"market_above_ma60, avoid_chase, obv_uptrend, mfi_strong, above_ichimoku_cloud",long_upper_shadow,macd_death_cross
2026-07-01,12.1,12.1,11.7,11.8,183092,2171375,8085,福華,,-0.2820395703525093,-0.1599290917177626,-0.1221104786347467,12.395226641606186,13.228588332648988,14.519503563593773,42.4280193213454,18.014574104138102,0.6597428571834337,713562.15,10111422.9,16.1,11.55,-1.2641117132010466,-0.3054895203901868,-0.036734693877551,-0.0166666666666666,12.0,0.3928704207019167,15.169300169885249,12.932500000000028,10.695699830114808,0.2468481951925683,0.3459192220970758,12.820512820512825,11.965811965812463,11.820000000000071,12.225,-7141231.0,-4808272.25,-87.17948717948718,-90.57449191870715,35.052815786884054,12.4,14.8,95356.7506666666,1.0,0.0228153288916286,-66000.0,0.0,0.0,0.0,153.0,1.0,-0.0595500227691796,0.0,0.0,-0.1626,-0.0417,0.0,0.0,0.0,0,False,0,False,False,False,False,0.2565887218093056,False,False,False,False,True,False,False,False,False,False,False,False,False,False,False,False,False,False,20.0,0.0,36.440677966101696,0.0,-0.701083470521681,False,False,False,False,False,False,False,-1,False,2,False,False,74.15288557183288,8.4,3,False,3,False,True,False,True,"market_above_ma60, avoid_chase",,close_below_ema20
2026-07-01,153.0,154.0,143.0,143.5,4066454,601773015,8086,宏捷科,,-2.292301482185394,-0.3965301721642097,-1.895771310021184,152.81298451880858,149.17154783607543,138.93390258061376,42.55913757920098,16.48619092801401,9.23115983649763,4537362.3,708809330.85,168.0,141.0,-0.2878192807601634,0.176795945957136,-0.0711974110032362,-0.040133779264214,149.5,0.5865974312792517,169.32706335690713,153.575,137.82293664309285,0.1802006260474381,0.2051383800346038,17.647058823529413,22.058823529412013,145.3,153.45,358150537.0,363059614.75,-82.3529411764706,-74.55815865186985,57.74133790612375,153.5,144.25,95356.7506666666,1.0,0.0228153288916286,-1478090.0,0.0,585.0,1.0,-105598.0,0.0,-0.0940127398948649,0.0,0.0,0.3698,-0.0117,0.0,0.0,0.0,0,False,0,False,False,False,True,0.8962154069116324,False,False,False,False,True,True,False,False,False,False,False,False,False,False,False,False,True,False,20.0,12.0,17.073170731707318,0.0,-0.1402392735740898,False,False,False,False,True,False,False,-1,False,5,True,False,359.2792827862272,9.6,3,False,3,False,True,False,True,"ema60_gt_ema120, market_above_ma60, avoid_chase, liquidity_ok, mfi_strong",open_high_close_low,close_below_ema20
2026-07-01,63.8,64.2,60.0,60.2,2370463,145289825,8088,品安,,1.376813884061903,2.063785835376907,-0.6869719513150039,63.02220195421875,59.00418671490109,55.046653236469496,46.30633554271227,24.086381494302383,3.8325933405956993,5688537.35,373929599.5,69.2,62.0,0.2041530473132954,0.5236835360299891,-0.0960960960960959,-0.0695517774343121,64.7,0.2725380095056748,70.79013029763665,63.59500000000016,56.39986970236368,0.2640765448601135,0.226279748333563,1.6000000000000227,12.735714285714494,63.22000000000044,65.34000000000033,757023562.0,763779923.75,-75.9259259259259,-56.367265469061614,69.16059505800195,55.625,55.025,95356.7506666666,1.0,0.0228153288916286,-358970.0,0.0,0.0,0.0,-319.0,0.0,-0.1189114249877245,0.0,0.0,0.5963,0.559,0.0,0.0,0.0,0,False,0,False,False,True,True,0.4167086992933254,False,False,True,False,True,True,False,False,False,False,False,False,False,False,False,False,True,False,20.0,0.0,14.950166112956808,0.0,-0.1644733416731097,False,False,True,False,False,False,False,-1,False,7,False,False,507.19340689285593,9.5,3,False,3,False,True,True,True,"ema60_gt_ema120, market_above_ma60, avoid_chase, liquidity_ok, adx_trending, mfi_strong, above_ichimoku_cloud",,"close_below_ema20, close_below_swing_low"
2026-07-01,33.8,33.8,32.3,32.35,41208,1346717,8087,華鎂鑫,,-0.4276263250221745,-0.2270897514006451,-0.2005365736215294,33.51788720300775,33.75378787987017,33.84590597713943,41.80470273629104,13.58458957986164,1.4018222679047163,102539.4,3585371.4,38.85,32.3,-0.6167944689013415,-0.0493112251177214,-0.0256024096385542,-0.0196969696969696,33.0,0.1959394241483865,37.56622763732054,34.177500000000144,30.78877236267975,0.2303560221432811,0.198301668484844,33.333333333333336,47.0899470899476,32.729999999999926,32.96000000000004,813615.0,746330.85,-82.92682926829268,-72.66772880155808,43.25504916541697,34.4625,34.875,95356.7506666666,1.0,0.0228153288916286,3000.0,2.0,0.0,0.0,4929.0,1.0,-0.0484177385301828,0.0,0.0,1.3316,-0.6745,0.0,0.0,0.0,0,False,0,False,False,False,False,0.4018747915435433,False,False,False,False,True,False,False,False,False,True,False,False,False,False,False,False,False,False,0.0,0.0,20.092735703245747,0.0,0.2010365149517841,True,False,False,False,True,False,False,-1,False,3,True,False,231.43118609485683,6.7,3,False,3,False,True,False,True,"market_above_ma60, avoid_chase, obv_uptrend",open_high_close_low,close_below_ema20
2026-07-01,20.2,20.35,19.8,19.9,147184,2940358,8089,康全電訊,,-0.2310045056563154,-0.130159624385265,-0.1008448812710504,20.451947183119053,21.390024470085116,23.91953963769488,44.2806512085058,30.164145770374027,0.8231791219266693,540543.4,11434783.55,22.35,19.6,-0.333475930479849,-0.1183251139279896,-0.0245098039215686,-0.0124069478908188,20.15,0.3124448162527812,21.98991088326789,20.692500000000017,19.395089116732144,0.194584032621995,0.1253991430003983,12.72727272727265,15.151515151515316,19.920000000000076,20.41999999999989,-11505537.0,-11045467.9,-87.27272727272735,-108.61423220973758,46.70649000329263,21.012500000000003,22.95,95356.7506666666,1.0,0.0228153288916286,9749.0,2.0,0.0,0.0,0.0,0.0,-0.0473251328131972,0.0,0.0,-0.5199,-0.5744,0.0,0.0,0.0,0,False,0,False,False,False,False,0.2722889595914037,False,False,True,False,True,False,False,False,False,False,False,False,False,False,False,False,False,False,20.0,12.0,12.31155778894474,0.0,-0.5421107798763025,True,False,False,False,False,False,False,-1,False,3,False,False,208.2175602373984,6.6,8,False,3,False,True,False,True,"market_above_ma60, avoid_chase, adx_trending",,close_below_ema20
2026-07-01,273.5,282.5,269.0,275.5,1743149,482035120,8091,翔名,,9.9235861070527,10.456457147800892,-0.5328710407481925,260.35741639369684,228.7351579536632,195.50876317787964,58.52056329923722,30.544801816125087,17.24275689599696,1583229.95,418445301.1,286.0,248.0,0.7426193105902643,0.8830364078785091,-0.0367132867132866,0.014732965009208,271.5,1.1891797264670434,290.1159470198243,257.5,224.88405298017565,0.7759386380695832,0.2533277438432957,60.256410256410255,53.29017632388423,265.8,270.95,38558486.0,33099964.25,-25.6198347107438,87.77638715060505,67.11127536910377,229.5,204.75,95356.7506666666,1.0,0.0228153288916286,163869.0,4.0,-31671.0,0.0,25430.0,1.0,-0.0595286156049152,0.0,0.0,0.8223,0.1012,0.0,0.0,0.0,0,False,0,False,False,True,True,1.101008100560503,False,True,True,False,True,True,True,False,False,True,False,False,False,False,False,False,True,False,0.0,0.0,3.8112522686025407,0.0,0.5534594795164037,True,False,True,True,False,False,False,-1,False,10,True,False,762.6515947598018,11.4,8,False,3,False,False,False,False,"ema60_gt_ema120, rsi_strong, market_above_ma60, avoid_chase, liquidity_ok, foreign_buy_3d, adx_trending, obv_uptrend, mfi_strong, above_ichimoku_cloud",long_upper_shadow,
2026-07-01,19.85,20.1,19.7,19.95,10840,216228,8093,保銳,,0.4944798790619416,0.2306063174091002,0.2638735616528413,18.70684190865409,18.42851449950643,18.09004434146221,54.12323041851817,8.621656361627425,1.4963960773016662,15896.9,299228.25,19.85,18.5,,,0.05,0.0050377833753147,19.85,0.2621152276908852,26.30663410865692,17.977500000000056,9.64836589134319,0.618409667455698,0.9266176174281008,89.99999999999984,96.66666666666669,19.6,19.38000000000011,397373.0,303202.75,-8.333333333333448,74.34967289864511,83.49892417924647,18.8125,10.575,95356.7506666666,1.0,0.0228153288916286,0.0,0.0,0.0,0.0,0.0,0.0,0.0271846711083714,0.0,0.0,3.7814,0.9529,0.0,0.0,0.0,0,False,0,False,False,True,True,0.6818939541671647,False,False,False,True,False,False,False,True,False,True,False,False,False,False,False,False,True,True,-20.0,0.0,-0.5012531328320695,25.0,1.1381754677198306,False,False,True,False,False,False,False,-1,False,7,False,False,595.4770451543096,22.8,3,False,3,False,False,False,False,"ema60_gt_ema120, breakout_20d, market_above_ma60, stronger_than_market, obv_uptrend, mfi_strong, above_ichimoku_cloud",,
2026-07-01,60.0,60.0,58.6,58.7,66525,3936121,8097,常珵,,0.6484556838832418,0.8849835308225131,-0.2365278469392713,58.750014932949405,57.25612443727319,57.71140788870871,51.4284735146365,21.605102938854003,2.046424648261788,108109.3,6420300.05,61.2,57.7,0.1030324884804872,0.2561969113411709,-0.0200333889816359,-0.0216666666666666,60.0,0.9360921772520858,61.14543177583172,58.94499999999989,56.74456822416807,0.4443291078844573,0.074660506432499,21.56862745098041,25.49019607843184,58.77999999999956,59.45999999999985,-1142720.0,-975930.1,-78.43137254901958,6.349206349206868,51.901795193148,54.95,55.7,95356.7506666666,1.0,0.0228153288916286,7000.0,2.0,0.0,0.0,4000.0,2.0,-0.0428487178732646,0.0,0.0,0.0292,-0.2545,0.0,0.0,0.0,0,False,0,False,False,True,False,0.6153494657721399,False,False,True,False,True,False,False,False,False,False,False,False,False,False,False,False,True,False,10.0,0.0,4.258943781942079,0.0,-0.2460593550825967,True,False,True,False,False,False,False,-1,False,5,False,False,378.20078239673023,6.3,3,False,3,False,True,False,True,"market_above_ma60, avoid_chase, adx_trending, mfi_strong, above_ichimoku_cloud",,close_below_ema20
2026-07-01,13.4,13.6,13.3,13.3,48055,642592,8092,建暐,,-0.7795666227806031,-0.6470903476199075,-0.1324762751606956,14.676456987234122,15.26849626010202,15.27417419876812,26.55092099782304,20.4428480961836,0.5987666449326915,84009.35,1262838.65,17.0,13.4,-1.0988505778530355,0.085346709879318,-0.0666666666666666,-0.0074626865671642,13.4,1.0774993775604895,16.812316617692822,14.767500000000018,12.722683382307212,0.1411658660971226,0.2769347035981448,0.0,2.083333333333333,13.670000000000073,14.040000000000054,26743.0,460238.35,-100.0,-126.40459924590272,23.82093391075695,17.675,16.275,95356.7506666666,1.0,0.0228153288916286,7000.0,1.0,0.0,0.0,0.0,0.0,-0.0894819955582952,0.0,0.0,-0.2685,-0.458,0.0,0.0,0.0,0,False,0,False,False,False,False,0.5720196620971356,False,False,True,False,True,False,False,False,False,False,False,False,False,False,False,False,False,False,20.0,12.0,27.819548872180444,0.0,-0.4166758998078773,False,False,False,False,False,False,False,-1,False,3,False,False,177.72008582327683,6.8,3,False,3,False,True,True,True,"market_above_ma60, avoid_chase, adx_trending",,"close_below_ema20, close_below_swing_low"
2026-07-01,122.5,125.5,122.0,125.0,172360,21406009,8109,博大,,0.7248843409312258,0.5685312038196981,0.1563531371115276,121.18648862778672,117.81971782614042,112.76419435908032,56.85315217516115,23.12910964340192,4.307570313602998,263843.05,31863103.8,128.5,117.0,0.150036847392017,0.1816838764701905,0.037344398340249,0.0121457489878542,123.5,0.4401116643442047,125.99885309033031,120.55,115.10114690966968,0.908342813269923,0.0903998853642527,65.51724137931035,51.72413793103442,121.1,121.85,8430147.0,8381946.8,-34.48275862068966,129.1630466261223,54.19360168664805,121.625,116.25,95356.7506666666,1.0,0.0228153288916286,73385.0,4.0,0.0,0.0,-773.0,0.0,0.0145290694486204,0.0,0.0,0.2273,-0.0493,0.0,0.0,0.0,0,False,0,True,True,True,True,0.6532671601544934,False,True,True,False,True,False,True,True,False,True,False,False,False,False,False,True,True,False,0.0,-25.0,2.8000000000000003,8.0,0.0520332508064195,True,False,True,False,False,False,False,-1,False,13,False,False,995.157070611222,14.8,3,False,3,False,False,False,False,"macd_golden_cross, ema60_gt_ema120, rsi_strong, market_above_ma60, avoid_chase, hist_turn_positive, foreign_buy_3d, adx_trending, stronger_than_market, obv_uptrend, cci_momentum, mfi_strong, above_ichimoku_cloud",,
2026-07-01,69.0,69.0,66.8,67.8,18893,1277650,8102,傑霖科技,,0.0578697126295395,0.8601528517675782,-0.8022831391380386,70.22097285040917,66.79028685654558,65.10988302101875,44.27328040351166,13.50432631142409,2.636563130586589,42877.35,3215077.85,80.0,68.9,-0.7110414924645054,0.2393691465394561,-0.0341880341880342,-0.017391304347826,69.0,0.1350615214658489,78.9154364935292,72.30000000000018,65.68456350647116,0.1598863881164967,0.1829996263770124,39.43661971830985,50.2347417840374,68.98000000000029,69.98000000000029,240200.0,245394.15,-68.88888888888891,-105.87047454204529,46.060790805943135,66.875,40.95,95356.7506666666,1.0,0.0228153288916286,0.0,0.0,0.0,0.0,0.0,0.0,-0.0570033630796629,0.0,0.0,0.2141,0.3029,0.0,0.0,0.0,0,False,0,False,False,True,True,0.4406289101355378,False,False,False,False,True,False,False,False,False,False,False,False,False,False,False,False,False,False,0.0,12.0,17.994100294985255,0.0,-0.0214193497306586,False,False,True,False,False,False,False,-1,False,4,False,False,286.14925690458745,5.8,3,False,3,False,True,True,True,"ema60_gt_ema120, market_above_ma60, avoid_chase, above_ichimoku_cloud",,"close_below_ema20, close_below_swing_low"
2026-07-01,52.8,54.9,51.5,52.3,965416,51201337,8111,立碁,,-3.113603278653443,-2.920967229684566,-0.1926360489688767,56.15083067366203,61.229628237005215,62.71297306763549,35.271154267644306,27.35290037877445,2.7279812367665004,1262908.2,72810976.45,65.2,50.5,-0.994097910891216,-0.4952968304370571,-0.0368324125230202,0.0019157088122603,52.2,0.5310826413591174,63.66007482955041,56.309999999999945,48.95992517044948,0.2272136615617828,0.261057532571496,26.315789473684205,17.982456140351132,52.34000000000015,53.889999999999965,155246644.0,156151170.35,-73.6842105263158,-90.83496412263555,48.126546250482406,68.475,71.05,95356.7506666666,1.0,0.0228153288916286,41452.0,3.0,0.0,0.0,-3342.0,0.0,-0.0596477414146489,0.0,0.0,-0.0579,0.0378,0.0,0.0,0.0,0,False,0,False,False,False,False,0.7644387771019303,False,False,True,False,True,True,True,False,False,False,False,False,False,False,False,False,False,False,10.0,0.0,24.66539196940728,0.0,-0.0758506806063224,True,False,False,True,False,False,False,-1,False,5,True,False,376.7341796037434,7.8,3,False,3,False,True,False,True,"market_above_ma60, avoid_chase, liquidity_ok, foreign_buy_3d, adx_trending",long_upper_shadow,close_below_ema20
2026-07-01,53.5,55.0,50.6,50.8,8319023,446421376,8121,越峰,,3.163702580657329,3.5199812200280425,-0.3562786393707133,46.55449431370384,39.24274410059622,34.356931760891385,62.10936363872014,37.59485030663,3.680497699890816,4076491.75,195322138.65,54.4,45.5,1.3434680869291027,1.3675169976240715,0.036734693877551,0.016,50.0,0.7080435736940421,55.75388687323023,46.48999999999997,37.2261131267697,0.7326237387707413,0.3985324531396115,48.79999999999996,32.53333333333285,48.56000000000004,49.82499999999991,79086347.0,61254114.35,-38.55421686746991,93.3904865401513,67.24852418425223,36.0875,32.95,95356.7506666666,1.0,0.0228153288916286,272063.0,4.0,0.0,0.0,-892.0,0.0,0.0139193649859223,0.0,0.0,0.0171,-0.0515,0.0,0.0,0.0,0,False,0,False,False,True,True,2.040730979033626,True,True,True,False,True,True,True,True,False,True,False,False,False,False,False,False,True,False,0.0,0.0,7.086614173228349,0.0,0.9764920871464028,True,False,True,False,True,False,False,-1,False,12,True,False,947.1252148360932,41.3,8,False,3,False,False,False,False,"ema60_gt_ema120, volume_break, rsi_strong, market_above_ma60, avoid_chase, liquidity_ok, foreign_buy_3d, adx_trending, stronger_than_market, obv_uptrend, mfi_strong, above_ichimoku_cloud",open_high_close_low,
2026-07-01,146.0,149.0,144.0,148.0,504301,74255028,8147,正淩,,-5.569606900401396,-5.860266386518294,0.2906594861168976,149.30388736101025,152.49692599854984,143.55386246548528,46.531336801021936,21.342463877414385,7.74629410081284,476143.3,71294631.35,169.0,137.0,-0.6421259173593739,-0.1008490938194716,0.0313588850174215,0.034965034965035,143.0,0.6865167600366107,164.05685080778915,148.225,132.39314919221084,0.4928940714913352,0.2136191709602179,76.66666666666667,56.66666666666666,142.5,144.4,17300568.0,17895008.2,-28.125,-21.727937390588217,49.813253179544205,176.875,159.25,95356.7506666666,1.0,0.0228153288916286,-76507.0,0.0,0.0,0.0,2555.0,2.0,0.0085435561257929,0.0,0.0,-0.0722,-0.3074,0.0,0.0,0.0,0,False,0,True,True,False,True,1.0591370287054338,False,False,True,False,True,True,False,True,False,False,False,False,False,False,False,False,False,False,-10.0,0.0,14.18918918918919,0.0,-0.1786304020809093,False,False,False,False,False,False,False,-1,False,8,False,False,553.4478054620835,17.8,3,False,3,False,True,False,True,"macd_golden_cross, ema60_gt_ema120, market_above_ma60, avoid_chase, liquidity_ok, hist_turn_positive, adx_trending, stronger_than_market",,close_below_ema20
2026-07-01,382.0,395.0,375.0,376.0,815177,313236503,8155,博智,,-2.882550130977961,-1.5115203439995972,-1.371029786978364,383.3149704901212,364.9607514793972,316.669391799354,46.7781990910088,16.5220164000781,21.25565583200288,1249121.65,476717609.45,412.0,367.0,0.1669560801106526,0.1397010117569533,-0.0271668822768434,0.0026666666666665,375.0,1.0900899117517011,416.614797080617,379.1,341.58520291938305,0.458682969904671,0.1979150465872697,29.90654205607477,24.16637821622256,375.5,387.65,70338836.0,66468378.6,-48.10126582278481,8.998875140607424,66.38391727078995,411.875,333.25,95356.7506666666,1.0,0.0228153288916286,-70700.0,0.0,0.0,0.0,-1404.0,0.0,-0.0499822111684721,0.0,0.0,0.2965,-0.0393,0.0,0.0,0.0,0,False,0,False,False,True,True,0.652600169086814,False,False,False,False,True,True,False,False,False,True,False,False,False,False,False,False,True,False,10.0,0.0,9.574468085106384,0.0,0.5227151380291651,False,False,False,True,False,False,False,-1,False,6,True,False,417.7985833472181,8.5,3,False,3,False,True,False,True,"ema60_gt_ema120, market_above_ma60, avoid_chase, liquidity_ok, obv_uptrend, mfi_strong",long_upper_shadow,close_below_ema20
2026-07-01,10.0,10.95,9.98,10.95,1326576,14302881,8176,智捷,,-0.0059121697098465,-0.0609183767056002,0.0550062069957536,10.18467677310549,10.380155676943197,10.574909180437444,70.54361817964994,9.867309048437724,0.2667257865747084,279942.3,2883512.65,10.55,9.96,-0.0915717458749423,-0.118870748543337,0.0895522388059699,0.097194388777555,9.98,1.6306618515069151,10.645828944161249,10.186999999999989,9.72817105583873,1.3314645465477106,0.0900812691000802,100.0,36.66666666666666,10.177999999999974,10.134000000000016,798776.0,-359624.15,-0.0,212.36816874400705,55.69758138099804,10.3625,12.125,95356.7506666666,1.0,0.0228153288916286,212000.0,2.0,0.0,0.0,4001.0,1.0,0.0667369099143413,0.0,0.0,0.1884,0.5178,0.0,0.0,0.0,0,False,0,True,True,True,False,4.738747949130946,True,True,False,True,False,False,False,True,False,True,False,False,True,True,True,True,True,True,-20.0,-25.0,-3.652968036529668,25.0,1.5340301567553245,True,False,False,False,False,False,False,-1,False,13,False,False,1110.7958413723734,61.2,5,False,3,False,False,False,False,"macd_golden_cross, volume_break, rsi_strong, breakout_20d, market_above_ma60, hist_turn_positive, stronger_than_market, obv_uptrend, bb_squeeze_breakout, breakout_volume_confirm, williams_r_recovery, cci_momentum, mfi_strong",,
2026-07-01,21.7,21.7,21.05,21.15,140525,2994812,8171,天宇,,-0.6785832767859112,-0.6256205760134593,-0.0529627007724519,21.936015809567586,23.213326191338684,24.50229917269428,42.707477592329305,20.071322821054878,0.8958044314768558,347081.65,7809892.6,25.9,20.2,-0.9957558584382808,-0.17367703546104,0.0047505938242278,-0.0208333333333334,21.6,0.3465074175247374,25.42789254552969,22.31499999999996,19.20210745447023,0.3128750056482095,0.278995522790028,45.4545454545454,55.30303030303003,21.01000000000004,21.26500000000005,-10410910.0,-9496076.05,-70.1492537313433,-52.67375168690951,27.16395679483953,23.575000000000003,24.525,95356.7506666666,1.0,0.0228153288916286,5035.0,3.0,0.0,0.0,0.0,0.0,-0.0180647350674008,0.0,0.0,0.0839,-0.3106,0.0,0.0,0.0,0,False,0,False,False,False,False,0.4048759132037087,False,False,True,False,True,False,True,False,False,False,False,False,False,False,False,False,False,False,0.0,0.0,22.458628841607567,0.0,-1.3709244936084153,True,False,False,False,False,False,False,-1,False,4,False,False,292.5976652087361,11.1,3,False,3,False,True,False,True,"market_above_ma60, avoid_chase, foreign_buy_3d, adx_trending",,close_below_ema20
2026-07-01,51.5,54.0,51.5,54.0,11657524,627094588,8182,加高,,2.158426094681836,2.504757543950233,-0.3463314492683969,49.14928347891943,42.92396883059244,37.597247975538345,59.67567240696605,24.89534049992437,4.060382032160334,8169078.4,426982904.4,57.0,47.3,0.4679093193908762,0.8877992021058514,0.108829568788501,0.0997963340122198,49.1,0.4986798822405933,56.848055284449,49.87500000000004,42.90194471555109,0.7957813922112003,0.2796212645393062,87.35632183908045,44.87295825771374,50.740000000000144,50.12000000000008,51209120.0,45902975.6,-39.68253968253968,74.96105919003104,70.9284715036928,39.4125,36.650000000000006,95356.7506666666,1.0,0.0228153288916286,2371438.0,2.0,0.0,0.0,2986.0,2.0,0.0860142398968724,0.0,0.0,0.0012,-0.1063,0.0,0.0,0.0,0,False,0,False,False,True,True,1.427030495875765,False,True,True,False,False,True,False,True,False,True,False,False,False,False,False,False,True,True,-20.0,0.0,5.555555555555555,0.0,0.3681350401775846,True,False,True,False,False,False,False,-1,False,9,False,False,743.6879254408886,40.2,5,False,3,False,False,False,False,"ema60_gt_ema120, rsi_strong, market_above_ma60, liquidity_ok, adx_trending, stronger_than_market, obv_uptrend, mfi_strong, above_ichimoku_cloud",,
2026-07-01,216.0,222.0,198.5,198.5,2658330,553779252,8227,巨有科技,,1.2140055440058006,-0.6086450292483937,1.8226505732541944,193.92130573809325,183.26577451263373,170.80994226775695,52.43616963106035,16.92493187171427,15.050406655668397,1619366.4,317643740.15,223.0,178.0,0.0516283397318646,0.7188438469277258,0.0502645502645502,-0.0745920745920746,214.5,3.257558473080421,214.70588390522417,190.325,165.9441160947758,0.667651838050226,0.2562026418518238,50.526315789473685,81.18319053447583,197.1,192.1,23025818.0,16002835.05,-39.83050847457627,101.7141238135711,67.69732377692989,205.625,181.0,95356.7506666666,1.0,0.0228153288916286,-205000.0,0.0,28000.0,2.0,-165934.0,0.0,0.0274492213729216,0.0,0.0,0.7561,-0.3344,0.0,0.0,0.0,0,False,0,False,False,True,True,1.6415864871594223,True,False,False,False,False,True,False,True,False,True,True,False,False,False,False,False,True,True,0.0,0.0,12.34256926952141,0.0,0.6408091671530856,False,True,False,False,False,False,False,-1,False,8,False,False,689.1055748774312,35.8,3,False,3,False,False,False,False,"ema60_gt_ema120, volume_break, market_above_ma60, liquidity_ok, stronger_than_market, obv_uptrend, invest_trust_buy_2d, mfi_strong",,
2026-07-01,34.65,34.9,33.8,34.05,583768,19981896,8183,精星,,0.3477621222111935,0.0764326418902286,0.2713294803209648,32.747109230005584,32.915586460793186,32.96929837482769,58.10962152130483,19.312216770212867,1.336884250986638,668938.15,22212003.55,34.55,31.95,0.2669924222904556,-0.1623739270946822,0.0657276995305162,-0.0144717800289435,34.55,1.8135481626687249,34.60708427862659,32.49499999999993,30.38291572137328,0.8681197800049854,0.1299944162872231,64.78873239436616,69.95305164319264,33.41999999999971,32.979999999999926,19560030.0,15553348.45,-24.27184466019418,144.43050327617414,78.03651477395094,32.8625,34.8,95356.7506666666,1.0,0.0228153288916286,-30000.0,0.0,0.0,0.0,-636.0,0.0,0.0429123706388876,0.0,0.0,0.326,-0.0299,0.0,0.0,0.0,0,False,0,False,False,True,False,0.8726785876990272,False,True,False,False,False,False,False,True,False,True,False,False,False,False,False,False,True,True,0.0,-12.0,1.4684287812041117,15.0,2.0,False,False,False,False,False,False,False,-1,False,5,False,False,465.7267858769903,19.8,3,False,3,False,False,False,False,"rsi_strong, market_above_ma60, stronger_than_market, obv_uptrend, mfi_strong",,
